mission_id,type,nextMission,title,description,event_key,target,points,rewards,unlock_min_level,unlock_feature,unlock_prev_mission,tier_group,tier_index,sort_order
MAIN_0001,MAIN,MAIN_0002,ui_MAIN_0001_title,ui_MAIN_0001_decs,CLEAR_STAGE,5.00,0,1:500;48:50,0,,,,0,1
MAIN_0002,MAIN,MAIN_0003,ui_MAIN_0002_title,ui_MAIN_0002_decs,HERO_SUMMON,1.00,0,3:30,0,SUMMON,MAIN_0001,,0,2
MAIN_0003,MAIN,MAIN_0004,ui_MAIN_0003_title,ui_MAIN_0003_decs,EQUIP_ITEM,1.00,0,1:1000,0,INVENTORY,MAIN_0002,,0,3
MAIN_0004,MAIN,MAIN_0005,ui_MAIN_0004_title,ui_MAIN_0004_decs,ENHANCE_GEAR,5.00,0,3:20,0,ENHANCE,MAIN_0003,,0,4
MAIN_0005,MAIN,MAIN_0006,ui_MAIN_0005_title,ui_MAIN_0005_decs,HERO_LEVELUP,5.00,0,1:2000,0,,MAIN_0004,,0,5
MAIN_0006,MAIN,MAIN_0007,ui_MAIN_0006_title,ui_MAIN_0006_decs,ARENA_WIN,1.00,0,3:50,0,ARENA,MAIN_0005,,0,6
MAIN_0007,MAIN,MAIN_0008,ui_MAIN_0007_title,ui_MAIN_0007_decs,DUNGEON_CLEAR,1.00,0,22:2,0,DUNGEON,MAIN_0006,,0,7
MAIN_0008,MAIN,MAIN_0009,ui_MAIN_0008_title,ui_MAIN_0008_decs,SKILL_UPGRADE,1.00,0,1:2000,0,SKILL,MAIN_0007,,0,8
MAIN_0009,MAIN,MAIN_0010,ui_MAIN_0009_title,ui_MAIN_0009_decs,CLAIM_IDLE,1.00,0,1:1500,0,IDLE_REWARD,MAIN_0008,,0,9
MAIN_0010,MAIN,MAIN_0011,ui_MAIN_0010_title,ui_MAIN_0010_decs,CLEAR_STAGE,10.00,0,1:1000;3:30,0,,MAIN_0009,,0,10
MAIN_0011,MAIN,MAIN_0012,ui_MAIN_0010_title,ui_MAIN_0010_decs,CLEAR_STAGE,15.00,0,1:1000;3:35,0,,MAIN_0010,,0,11
MAIN_0012,MAIN,MAIN_0013,ui_MAIN_0010_title,ui_MAIN_0010_decs,CLEAR_STAGE,20.00,0,1:1000;3:40;19:1,0,,MAIN_0011,,0,12
MAIN_0013,MAIN,MAIN_0014,ui_MAIN_0010_title,ui_MAIN_0010_decs,CLEAR_STAGE,25.00,0,1:2000;3:35,0,,MAIN_0012,,0,13
MAIN_0014,MAIN,MAIN_0015,ui_MAIN_0010_title,ui_MAIN_0010_decs,CLEAR_STAGE,30.00,0,1:2000;3:40,0,,MAIN_0013,,0,14
MAIN_0015,MAIN,MAIN_0016,ui_MAIN_0010_title,ui_MAIN_0010_decs,CLEAR_STAGE,35.00,0,1:2000;3:45,0,,MAIN_0014,,0,15
MAIN_0016,MAIN,MAIN_0017,ui_MAIN_0010_title,ui_MAIN_0010_decs,CLEAR_STAGE,40.00,0,1:2000;3:50;19:1;8:10,0,,MAIN_0015,,0,16
MAIN_0017,MAIN,MAIN_0018,ui_MAIN_0010_title,ui_MAIN_0010_decs,CLEAR_STAGE,45.00,0,1:3000;3:45,0,,MAIN_0016,,0,17
MAIN_0018,MAIN,MAIN_0019,ui_MAIN_0010_title,ui_MAIN_0010_decs,CLEAR_STAGE,50.00,0,1:3000;3:50,0,,MAIN_0017,,0,18
MAIN_0019,MAIN,MAIN_0020,ui_MAIN_0010_title,ui_MAIN_0010_decs,CLEAR_STAGE,55.00,0,1:3000;3:55,0,,MAIN_0018,,0,19
MAIN_0020,MAIN,MAIN_0021,ui_MAIN_0010_title,ui_MAIN_0010_decs,CLEAR_STAGE,60.00,0,1:3000;3:60;19:1,0,,MAIN_0019,,0,20
MAIN_0021,MAIN,MAIN_0022,ui_MAIN_0010_title,ui_MAIN_0010_decs,CLEAR_STAGE,65.00,0,1:4000;3:55,0,,MAIN_0020,,0,21
MAIN_0022,MAIN,MAIN_0023,ui_MAIN_0010_title,ui_MAIN_0010_decs,CLEAR_STAGE,70.00,0,1:4000;3:60,0,,MAIN_0021,,0,22
MAIN_0023,MAIN,MAIN_0024,ui_MAIN_0010_title,ui_MAIN_0010_decs,CLEAR_STAGE,75.00,0,1:4000;3:65,0,,MAIN_0022,,0,23
MAIN_0024,MAIN,MAIN_0025,ui_MAIN_0010_title,ui_MAIN_0010_decs,CLEAR_STAGE,80.00,0,1:4000;3:70;19:1;8:10,0,,MAIN_0023,,0,24
MAIN_0025,MAIN,MAIN_0026,ui_MAIN_0010_title,ui_MAIN_0010_decs,CLEAR_STAGE,85.00,0,1:5000;3:65,0,,MAIN_0024,,0,25
MAIN_0026,MAIN,MAIN_0027,ui_MAIN_0010_title,ui_MAIN_0010_decs,CLEAR_STAGE,90.00,0,1:5000;3:70,0,,MAIN_0025,,0,26
MAIN_0027,MAIN,MAIN_0028,ui_MAIN_0010_title,ui_MAIN_0010_decs,CLEAR_STAGE,95.00,0,1:5000;3:75,0,,MAIN_0026,,0,27
MAIN_0028,MAIN,MAIN_0029,ui_MAIN_0010_title,ui_MAIN_0010_decs,CLEAR_STAGE,100.00,0,1:5000;3:80;19:1,0,,MAIN_0027,,0,28
MAIN_0029,MAIN,MAIN_0030,ui_MAIN_0010_title,ui_MAIN_0010_decs,CLEAR_STAGE,105.00,0,1:6000;3:75,0,,MAIN_0028,,0,29
MAIN_0030,MAIN,MAIN_0031,ui_MAIN_0010_title,ui_MAIN_0010_decs,CLEAR_STAGE,110.00,0,1:6000;3:80,0,,MAIN_0029,,0,30
MAIN_0031,MAIN,MAIN_0032,ui_MAIN_0010_title,ui_MAIN_0010_decs,CLEAR_STAGE,115.00,0,1:6000;3:85,0,,MAIN_0030,,0,31
MAIN_0032,MAIN,MAIN_0033,ui_MAIN_0010_title,ui_MAIN_0010_decs,CLEAR_STAGE,120.00,0,1:6000;3:90;19:1;8:10,0,,MAIN_0031,,0,32
MAIN_0033,MAIN,MAIN_0034,ui_MAIN_0010_title,ui_MAIN_0010_decs,CLEAR_STAGE,125.00,0,1:7000;3:85,0,,MAIN_0032,,0,33
MAIN_0034,MAIN,MAIN_0035,ui_MAIN_0010_title,ui_MAIN_0010_decs,CLEAR_STAGE,130.00,0,1:7000;3:90,0,,MAIN_0033,,0,34
MAIN_0035,MAIN,MAIN_0036,ui_MAIN_0010_title,ui_MAIN_0010_decs,CLEAR_STAGE,135.00,0,1:7000;3:95,0,,MAIN_0034,,0,35
MAIN_0036,MAIN,MAIN_0037,ui_MAIN_0010_title,ui_MAIN_0010_decs,CLEAR_STAGE,140.00,0,1:7000;3:100;19:1,0,,MAIN_0035,,0,36
MAIN_0037,MAIN,MAIN_0038,ui_MAIN_0010_title,ui_MAIN_0010_decs,CLEAR_STAGE,145.00,0,1:8000;3:95,0,,MAIN_0036,,0,37
MAIN_0038,MAIN,MAIN_0039,ui_MAIN_0010_title,ui_MAIN_0010_decs,CLEAR_STAGE,150.00,0,1:8000;3:100,0,,MAIN_0037,,0,38
MAIN_0039,MAIN,MAIN_0040,ui_MAIN_0010_title,ui_MAIN_0010_decs,CLEAR_STAGE,155.00,0,1:8000;3:105,0,,MAIN_0038,,0,39
MAIN_0040,MAIN,MAIN_0041,ui_MAIN_0010_title,ui_MAIN_0010_decs,CLEAR_STAGE,160.00,0,1:8000;3:110;19:1;8:10,0,,MAIN_0039,,0,40
MAIN_0041,MAIN,MAIN_0042,ui_MAIN_0010_title,ui_MAIN_0010_decs,CLEAR_STAGE,165.00,0,1:9000;3:105,0,,MAIN_0040,,0,41
MAIN_0042,MAIN,MAIN_0043,ui_MAIN_0010_title,ui_MAIN_0010_decs,CLEAR_STAGE,170.00,0,1:9000;3:110,0,,MAIN_0041,,0,42
MAIN_0043,MAIN,MAIN_0044,ui_MAIN_0010_title,ui_MAIN_0010_decs,CLEAR_STAGE,175.00,0,1:9000;3:115,0,,MAIN_0042,,0,43
MAIN_0044,MAIN,MAIN_0045,ui_MAIN_0010_title,ui_MAIN_0010_decs,CLEAR_STAGE,180.00,0,1:9000;3:120;19:1,0,,MAIN_0043,,0,44
MAIN_0045,MAIN,MAIN_0046,ui_MAIN_0010_title,ui_MAIN_0010_decs,CLEAR_STAGE,185.00,0,1:10000;3:115,0,,MAIN_0044,,0,45
MAIN_0046,MAIN,MAIN_0047,ui_MAIN_0010_title,ui_MAIN_0010_decs,CLEAR_STAGE,190.00,0,1:10000;3:120,0,,MAIN_0045,,0,46
MAIN_0047,MAIN,MAIN_0048,ui_MAIN_0010_title,ui_MAIN_0010_decs,CLEAR_STAGE,195.00,0,1:10000;3:125,0,,MAIN_0046,,0,47
MAIN_0048,MAIN,MAIN_0048,ui_MAIN_0010_title,ui_MAIN_0010_decs,CLEAR_STAGE,200.00,0,1:10000;3:130;19:1;8:10,0,,MAIN_0047,,0,48
DAILY_LOGIN,DAILY,DAILY_KILL150,ui_DAILY_LOGIN_title,ui_DAILY_LOGIN_decs,LOGIN,1.00,10,1:1000,0,,,,0,1
DAILY_KILL150,DAILY,DAILY_BOSS3,ui_DAILY_KILL150_title,ui_DAILY_KILL150_decs,KILL_MONSTER,150.00,10,48:300,0,,,,0,2
DAILY_BOSS3,DAILY,DAILY_SUMMON5,ui_DAILY_BOSS3_title,ui_DAILY_BOSS3_decs,KILL_BOSS,3.00,10,1:2000,0,,,,0,3
DAILY_SUMMON5,DAILY,DAILY_ENHANCE5,ui_DAILY_SUMMON5_title,ui_DAILY_SUMMON5_decs,HERO_SUMMON,5.00,20,3:30,0,SUMMON,,,0,4
DAILY_ENHANCE5,DAILY,DAILY_LEVELUP5,ui_DAILY_ENHANCE5_title,ui_DAILY_ENHANCE5_decs,ENHANCE_GEAR,5.00,10,43:5,0,ENHANCE,,,0,5
DAILY_LEVELUP5,DAILY,DAILY_IDLE2,ui_DAILY_LEVELUP5_title,ui_DAILY_LEVELUP5_decs,HERO_LEVELUP,5.00,10,1:1500,0,,,,0,6
DAILY_IDLE2,DAILY,DAILY_ARENA3,ui_DAILY_IDLE2_title,ui_DAILY_IDLE2_decs,CLAIM_IDLE,2.00,10,1:500,0,IDLE_REWARD,,,0,7
DAILY_ARENA3,DAILY,DAILY_DUNGEON2,ui_DAILY_ARENA3_title,ui_DAILY_ARENA3_decs,ARENA_FIGHT,3.00,20,22:10,0,ARENA,,,0,8
DAILY_DUNGEON2,DAILY,DAILY_SKILL3,ui_DAILY_DUNGEON2_title,ui_DAILY_DUNGEON2_decs,DUNGEON_CLEAR,2.00,20,22:1,0,DUNGEON,,,0,9
DAILY_SKILL3,DAILY,,ui_DAILY_SKILL3_title,ui_DAILY_SKILL3_decs,SKILL_UPGRADE,3.00,10,1:2000,0,SKILL,,,0,10
WEEKLY_DAILY30,WEEKLY,WEEKLY_KILL3000,ui_WEEKLY_DAILY30_title,ui_WEEKLY_DAILY30_decs,COMPLETE_DAILY,30.00,30,20:1,0,,,,0,1
WEEKLY_KILL3000,WEEKLY,WEEKLY_BOSS50,ui_WEEKLY_KILL3000_title,ui_WEEKLY_KILL3000_decs,KILL_MONSTER,3000.00,20,1:30000,0,,,,0,2
WEEKLY_BOSS50,WEEKLY,WEEKLY_SUMMON100,ui_WEEKLY_BOSS50_title,ui_WEEKLY_BOSS50_decs,KILL_BOSS,50.00,20,11:10,0,,,,0,3
WEEKLY_SUMMON100,WEEKLY,WEEKLY_ARENA30,ui_WEEKLY_SUMMON100_title,ui_WEEKLY_SUMMON100_decs,HERO_SUMMON,100.00,20,3:100,0,SUMMON,,,0,4
WEEKLY_ARENA30,WEEKLY,WEEKLY_DUNGEON14,ui_WEEKLY_ARENA30_title,ui_WEEKLY_ARENA30_decs,ARENA_WIN,30.00,20,22:50,0,ARENA,,,0,5
WEEKLY_DUNGEON14,WEEKLY,WEEKLY_ENHANCE70,ui_WEEKLY_DUNGEON14_title,ui_WEEKLY_DUNGEON14_decs,DUNGEON_CLEAR,14.00,20,27:5,0,DUNGEON,,,0,6
WEEKLY_ENHANCE70,WEEKLY,WEEKLY_SKILL30,ui_WEEKLY_ENHANCE70_title,ui_WEEKLY_ENHANCE70_decs,ENHANCE_GEAR,70.00,20,19:1,0,ENHANCE,,,0,7
WEEKLY_SKILL30,WEEKLY,WEEKLYR_HERO_SUMMON_1,ui_WEEKLY_SKILL30_title,ui_WEEKLY_SKILL30_decs,SKILL_UPGRADE,30.00,20,1:40000,0,SKILL,,,0,8
WEEKLYR_HERO_SUMMON_1,WEEKLY,WEEKLYR_HERO_SUMMON_2,ui_WEEKLYR_HERO_SUMMON_title,ui_WEEKLYR_HERO_SUMMON_decs,HERO_SUMMON,50.00,20,3:60;1:5000,0,SUMMON,,WROT_HERO_SUMMON,1,101
WEEKLYR_HERO_SUMMON_2,WEEKLY,WEEKLYR_HERO_SUMMON_3,ui_WEEKLYR_HERO_SUMMON_title,ui_WEEKLYR_HERO_SUMMON_decs,HERO_SUMMON,80.00,20,3:80;1:10000,0,SUMMON,,WROT_HERO_SUMMON,2,102
WEEKLYR_HERO_SUMMON_3,WEEKLY,WEEKLYR_HERO_SUMMON_4,ui_WEEKLYR_HERO_SUMMON_title,ui_WEEKLYR_HERO_SUMMON_decs,HERO_SUMMON,120.00,20,3:100;1:15000,0,SUMMON,,WROT_HERO_SUMMON,3,103
WEEKLYR_HERO_SUMMON_4,WEEKLY,WEEKLYR_HERO_SUMMON_5,ui_WEEKLYR_HERO_SUMMON_title,ui_WEEKLYR_HERO_SUMMON_decs,HERO_SUMMON,150.00,20,3:120;1:20000;19:1,0,SUMMON,,WROT_HERO_SUMMON,4,104
WEEKLYR_HERO_SUMMON_5,WEEKLY,,ui_WEEKLYR_HERO_SUMMON_title,ui_WEEKLYR_HERO_SUMMON_decs,HERO_SUMMON,200.00,20,3:140;1:25000;19:1;20:1,0,SUMMON,,WROT_HERO_SUMMON,5,105
WEEKLYR_KILL_MONSTER_1,WEEKLY,WEEKLYR_KILL_MONSTER_2,ui_WEEKLYR_KILL_MONSTER_title,ui_WEEKLYR_KILL_MONSTER_decs,KILL_MONSTER,2000.00,20,3:60;1:5000,0,,,WROT_KILL_MONSTER,1,106
WEEKLYR_KILL_MONSTER_2,WEEKLY,WEEKLYR_KILL_MONSTER_3,ui_WEEKLYR_KILL_MONSTER_title,ui_WEEKLYR_KILL_MONSTER_decs,KILL_MONSTER,3500.00,20,3:80;1:10000,0,,,WROT_KILL_MONSTER,2,107
WEEKLYR_KILL_MONSTER_3,WEEKLY,WEEKLYR_KILL_MONSTER_4,ui_WEEKLYR_KILL_MONSTER_title,ui_WEEKLYR_KILL_MONSTER_decs,KILL_MONSTER,5000.00,20,3:100;1:15000,0,,,WROT_KILL_MONSTER,3,108
WEEKLYR_KILL_MONSTER_4,WEEKLY,WEEKLYR_KILL_MONSTER_5,ui_WEEKLYR_KILL_MONSTER_title,ui_WEEKLYR_KILL_MONSTER_decs,KILL_MONSTER,8000.00,20,3:120;1:20000;19:1,0,,,WROT_KILL_MONSTER,4,109
WEEKLYR_KILL_MONSTER_5,WEEKLY,,ui_WEEKLYR_KILL_MONSTER_title,ui_WEEKLYR_KILL_MONSTER_decs,KILL_MONSTER,12000.00,20,3:140;1:25000;19:1;20:1,0,,,WROT_KILL_MONSTER,5,110
WEEKLYR_KILL_BOSS_1,WEEKLY,WEEKLYR_KILL_BOSS_2,ui_WEEKLYR_KILL_BOSS_title,ui_WEEKLYR_KILL_BOSS_decs,KILL_BOSS,20.00,20,3:60;1:5000,0,,,WROT_KILL_BOSS,1,111
WEEKLYR_KILL_BOSS_2,WEEKLY,WEEKLYR_KILL_BOSS_3,ui_WEEKLYR_KILL_BOSS_title,ui_WEEKLYR_KILL_BOSS_decs,KILL_BOSS,35.00,20,3:80;1:10000,0,,,WROT_KILL_BOSS,2,112
WEEKLYR_KILL_BOSS_3,WEEKLY,WEEKLYR_KILL_BOSS_4,ui_WEEKLYR_KILL_BOSS_title,ui_WEEKLYR_KILL_BOSS_decs,KILL_BOSS,50.00,20,3:100;1:15000,0,,,WROT_KILL_BOSS,3,113
WEEKLYR_KILL_BOSS_4,WEEKLY,WEEKLYR_KILL_BOSS_5,ui_WEEKLYR_KILL_BOSS_title,ui_WEEKLYR_KILL_BOSS_decs,KILL_BOSS,75.00,20,3:120;1:20000;19:1,0,,,WROT_KILL_BOSS,4,114
WEEKLYR_KILL_BOSS_5,WEEKLY,,ui_WEEKLYR_KILL_BOSS_title,ui_WEEKLYR_KILL_BOSS_decs,KILL_BOSS,100.00,20,3:140;1:25000;19:1;20:1,0,,,WROT_KILL_BOSS,5,115
WEEKLYR_ARENA_WIN_1,WEEKLY,WEEKLYR_ARENA_WIN_2,ui_WEEKLYR_ARENA_WIN_title,ui_WEEKLYR_ARENA_WIN_decs,ARENA_WIN,15.00,20,3:60;1:5000,0,ARENA,,WROT_ARENA_WIN,1,116
WEEKLYR_ARENA_WIN_2,WEEKLY,WEEKLYR_ARENA_WIN_3,ui_WEEKLYR_ARENA_WIN_title,ui_WEEKLYR_ARENA_WIN_decs,ARENA_WIN,25.00,20,3:80;1:10000,0,ARENA,,WROT_ARENA_WIN,2,117
WEEKLYR_ARENA_WIN_3,WEEKLY,WEEKLYR_ARENA_WIN_4,ui_WEEKLYR_ARENA_WIN_title,ui_WEEKLYR_ARENA_WIN_decs,ARENA_WIN,40.00,20,3:100;1:15000,0,ARENA,,WROT_ARENA_WIN,3,118
WEEKLYR_ARENA_WIN_4,WEEKLY,WEEKLYR_ARENA_WIN_5,ui_WEEKLYR_ARENA_WIN_title,ui_WEEKLYR_ARENA_WIN_decs,ARENA_WIN,60.00,20,3:120;1:20000;19:1,0,ARENA,,WROT_ARENA_WIN,4,119
WEEKLYR_ARENA_WIN_5,WEEKLY,,ui_WEEKLYR_ARENA_WIN_title,ui_WEEKLYR_ARENA_WIN_decs,ARENA_WIN,80.00,20,3:140;1:25000;19:1;20:1,0,ARENA,,WROT_ARENA_WIN,5,120
WEEKLYR_DUNGEON_CLEAR_1,WEEKLY,WEEKLYR_DUNGEON_CLEAR_2,ui_WEEKLYR_DUNGEON_CLEAR_title,ui_WEEKLYR_DUNGEON_CLEAR_decs,DUNGEON_CLEAR,7.00,20,3:60;1:5000,0,DUNGEON,,WROT_DUNGEON_CLEAR,1,121
WEEKLYR_DUNGEON_CLEAR_2,WEEKLY,WEEKLYR_DUNGEON_CLEAR_3,ui_WEEKLYR_DUNGEON_CLEAR_title,ui_WEEKLYR_DUNGEON_CLEAR_decs,DUNGEON_CLEAR,12.00,20,3:80;1:10000,0,DUNGEON,,WROT_DUNGEON_CLEAR,2,122
WEEKLYR_DUNGEON_CLEAR_3,WEEKLY,WEEKLYR_DUNGEON_CLEAR_4,ui_WEEKLYR_DUNGEON_CLEAR_title,ui_WEEKLYR_DUNGEON_CLEAR_decs,DUNGEON_CLEAR,18.00,20,3:100;1:15000,0,DUNGEON,,WROT_DUNGEON_CLEAR,3,123
WEEKLYR_DUNGEON_CLEAR_4,WEEKLY,WEEKLYR_DUNGEON_CLEAR_5,ui_WEEKLYR_DUNGEON_CLEAR_title,ui_WEEKLYR_DUNGEON_CLEAR_decs,DUNGEON_CLEAR,25.00,20,3:120;1:20000;19:1,0,DUNGEON,,WROT_DUNGEON_CLEAR,4,124
WEEKLYR_DUNGEON_CLEAR_5,WEEKLY,,ui_WEEKLYR_DUNGEON_CLEAR_title,ui_WEEKLYR_DUNGEON_CLEAR_decs,DUNGEON_CLEAR,35.00,20,3:140;1:25000;19:1;20:1,0,DUNGEON,,WROT_DUNGEON_CLEAR,5,125
WEEKLYR_ENHANCE_GEAR_1,WEEKLY,WEEKLYR_ENHANCE_GEAR_2,ui_WEEKLYR_ENHANCE_GEAR_title,ui_WEEKLYR_ENHANCE_GEAR_decs,ENHANCE_GEAR,40.00,20,3:60;1:5000,0,ENHANCE,,WROT_ENHANCE_GEAR,1,126
WEEKLYR_ENHANCE_GEAR_2,WEEKLY,WEEKLYR_ENHANCE_GEAR_3,ui_WEEKLYR_ENHANCE_GEAR_title,ui_WEEKLYR_ENHANCE_GEAR_decs,ENHANCE_GEAR,60.00,20,3:80;1:10000,0,ENHANCE,,WROT_ENHANCE_GEAR,2,127
WEEKLYR_ENHANCE_GEAR_3,WEEKLY,WEEKLYR_ENHANCE_GEAR_4,ui_WEEKLYR_ENHANCE_GEAR_title,ui_WEEKLYR_ENHANCE_GEAR_decs,ENHANCE_GEAR,90.00,20,3:100;1:15000,0,ENHANCE,,WROT_ENHANCE_GEAR,3,128
WEEKLYR_ENHANCE_GEAR_4,WEEKLY,WEEKLYR_ENHANCE_GEAR_5,ui_WEEKLYR_ENHANCE_GEAR_title,ui_WEEKLYR_ENHANCE_GEAR_decs,ENHANCE_GEAR,120.00,20,3:120;1:20000;19:1,0,ENHANCE,,WROT_ENHANCE_GEAR,4,129
WEEKLYR_ENHANCE_GEAR_5,WEEKLY,,ui_WEEKLYR_ENHANCE_GEAR_title,ui_WEEKLYR_ENHANCE_GEAR_decs,ENHANCE_GEAR,160.00,20,3:140;1:25000;19:1;20:1,0,ENHANCE,,WROT_ENHANCE_GEAR,5,130
ACH_STAGE_T1,ACHIEVEMENT,ACH_STAGE_T2,ui_ACH_STAGE_title,ui_ACH_STAGE_decs,CLEAR_STAGE,1.00,0,3:21,0,,,ACH_STAGE,1,1
ACH_STAGE_T2,ACHIEVEMENT,ACH_STAGE_T3,ui_ACH_STAGE_title,ui_ACH_STAGE_decs,CLEAR_STAGE,2.00,0,3:22,0,,,ACH_STAGE,2,2
ACH_STAGE_T3,ACHIEVEMENT,ACH_STAGE_T4,ui_ACH_STAGE_title,ui_ACH_STAGE_decs,CLEAR_STAGE,3.00,0,3:23,0,,,ACH_STAGE,3,3
ACH_STAGE_T4,ACHIEVEMENT,ACH_STAGE_T5,ui_ACH_STAGE_title,ui_ACH_STAGE_decs,CLEAR_STAGE,4.00,0,3:24,0,,,ACH_STAGE,4,4
ACH_STAGE_T5,ACHIEVEMENT,ACH_STAGE_T6,ui_ACH_STAGE_title,ui_ACH_STAGE_decs,CLEAR_STAGE,5.00,0,3:25;1:1000,0,,,ACH_STAGE,5,5
ACH_STAGE_T6,ACHIEVEMENT,ACH_STAGE_T7,ui_ACH_STAGE_title,ui_ACH_STAGE_decs,CLEAR_STAGE,6.00,0,3:26,0,,,ACH_STAGE,6,6
ACH_STAGE_T7,ACHIEVEMENT,ACH_STAGE_T8,ui_ACH_STAGE_title,ui_ACH_STAGE_decs,CLEAR_STAGE,7.00,0,3:27,0,,,ACH_STAGE,7,7
ACH_STAGE_T8,ACHIEVEMENT,ACH_STAGE_T9,ui_ACH_STAGE_title,ui_ACH_STAGE_decs,CLEAR_STAGE,8.00,0,3:28,0,,,ACH_STAGE,8,8
ACH_STAGE_T9,ACHIEVEMENT,ACH_STAGE_T10,ui_ACH_STAGE_title,ui_ACH_STAGE_decs,CLEAR_STAGE,9.00,0,3:29,0,,,ACH_STAGE,9,9
ACH_STAGE_T10,ACHIEVEMENT,ACH_STAGE_T11,ui_ACH_STAGE_title,ui_ACH_STAGE_decs,CLEAR_STAGE,10.00,0,3:30;1:1000;43:3,0,,,ACH_STAGE,10,10
ACH_STAGE_T11,ACHIEVEMENT,ACH_STAGE_T12,ui_ACH_STAGE_title,ui_ACH_STAGE_decs,CLEAR_STAGE,11.00,0,3:31,0,,,ACH_STAGE,11,11
ACH_STAGE_T12,ACHIEVEMENT,ACH_STAGE_T13,ui_ACH_STAGE_title,ui_ACH_STAGE_decs,CLEAR_STAGE,12.00,0,3:32,0,,,ACH_STAGE,12,12
ACH_STAGE_T13,ACHIEVEMENT,ACH_STAGE_T14,ui_ACH_STAGE_title,ui_ACH_STAGE_decs,CLEAR_STAGE,13.00,0,3:33,0,,,ACH_STAGE,13,13
ACH_STAGE_T14,ACHIEVEMENT,ACH_STAGE_T15,ui_ACH_STAGE_title,ui_ACH_STAGE_decs,CLEAR_STAGE,14.00,0,3:34,0,,,ACH_STAGE,14,14
ACH_STAGE_T15,ACHIEVEMENT,ACH_STAGE_T16,ui_ACH_STAGE_title,ui_ACH_STAGE_decs,CLEAR_STAGE,15.00,0,3:35;1:1000,0,,,ACH_STAGE,15,15
ACH_STAGE_T16,ACHIEVEMENT,ACH_STAGE_T17,ui_ACH_STAGE_title,ui_ACH_STAGE_decs,CLEAR_STAGE,16.00,0,3:36,0,,,ACH_STAGE,16,16
ACH_STAGE_T17,ACHIEVEMENT,ACH_STAGE_T18,ui_ACH_STAGE_title,ui_ACH_STAGE_decs,CLEAR_STAGE,17.00,0,3:37,0,,,ACH_STAGE,17,17
ACH_STAGE_T18,ACHIEVEMENT,ACH_STAGE_T19,ui_ACH_STAGE_title,ui_ACH_STAGE_decs,CLEAR_STAGE,18.00,0,3:38,0,,,ACH_STAGE,18,18
ACH_STAGE_T19,ACHIEVEMENT,ACH_STAGE_T20,ui_ACH_STAGE_title,ui_ACH_STAGE_decs,CLEAR_STAGE,19.00,0,3:39,0,,,ACH_STAGE,19,19
ACH_STAGE_T20,ACHIEVEMENT,ACH_STAGE_T21,ui_ACH_STAGE_title,ui_ACH_STAGE_decs,CLEAR_STAGE,20.00,0,3:40;1:1000;19:1,0,,,ACH_STAGE,20,20
ACH_STAGE_T21,ACHIEVEMENT,ACH_STAGE_T22,ui_ACH_STAGE_title,ui_ACH_STAGE_decs,CLEAR_STAGE,21.00,0,3:33,0,,,ACH_STAGE,21,21
ACH_STAGE_T22,ACHIEVEMENT,ACH_STAGE_T23,ui_ACH_STAGE_title,ui_ACH_STAGE_decs,CLEAR_STAGE,22.00,0,3:34,0,,,ACH_STAGE,22,22
ACH_STAGE_T23,ACHIEVEMENT,ACH_STAGE_T24,ui_ACH_STAGE_title,ui_ACH_STAGE_decs,CLEAR_STAGE,23.00,0,3:35,0,,,ACH_STAGE,23,23
ACH_STAGE_T24,ACHIEVEMENT,ACH_STAGE_T25,ui_ACH_STAGE_title,ui_ACH_STAGE_decs,CLEAR_STAGE,24.00,0,3:36,0,,,ACH_STAGE,24,24
ACH_STAGE_T25,ACHIEVEMENT,ACH_STAGE_T26,ui_ACH_STAGE_title,ui_ACH_STAGE_decs,CLEAR_STAGE,25.00,0,3:37;1:2000,0,,,ACH_STAGE,25,25
ACH_STAGE_T26,ACHIEVEMENT,ACH_STAGE_T27,ui_ACH_STAGE_title,ui_ACH_STAGE_decs,CLEAR_STAGE,26.00,0,3:38,0,,,ACH_STAGE,26,26
ACH_STAGE_T27,ACHIEVEMENT,ACH_STAGE_T28,ui_ACH_STAGE_title,ui_ACH_STAGE_decs,CLEAR_STAGE,27.00,0,3:39,0,,,ACH_STAGE,27,27
ACH_STAGE_T28,ACHIEVEMENT,ACH_STAGE_T29,ui_ACH_STAGE_title,ui_ACH_STAGE_decs,CLEAR_STAGE,28.00,0,3:40,0,,,ACH_STAGE,28,28
ACH_STAGE_T29,ACHIEVEMENT,ACH_STAGE_T30,ui_ACH_STAGE_title,ui_ACH_STAGE_decs,CLEAR_STAGE,29.00,0,3:41,0,,,ACH_STAGE,29,29
ACH_STAGE_T30,ACHIEVEMENT,ACH_STAGE_T31,ui_ACH_STAGE_title,ui_ACH_STAGE_decs,CLEAR_STAGE,30.00,0,3:42;1:2000;43:6,0,,,ACH_STAGE,30,30
ACH_STAGE_T31,ACHIEVEMENT,ACH_STAGE_T32,ui_ACH_STAGE_title,ui_ACH_STAGE_decs,CLEAR_STAGE,31.00,0,3:43,0,,,ACH_STAGE,31,31
ACH_STAGE_T32,ACHIEVEMENT,ACH_STAGE_T33,ui_ACH_STAGE_title,ui_ACH_STAGE_decs,CLEAR_STAGE,32.00,0,3:44,0,,,ACH_STAGE,32,32
ACH_STAGE_T33,ACHIEVEMENT,ACH_STAGE_T34,ui_ACH_STAGE_title,ui_ACH_STAGE_decs,CLEAR_STAGE,33.00,0,3:45,0,,,ACH_STAGE,33,33
ACH_STAGE_T34,ACHIEVEMENT,ACH_STAGE_T35,ui_ACH_STAGE_title,ui_ACH_STAGE_decs,CLEAR_STAGE,34.00,0,3:46,0,,,ACH_STAGE,34,34
ACH_STAGE_T35,ACHIEVEMENT,ACH_STAGE_T36,ui_ACH_STAGE_title,ui_ACH_STAGE_decs,CLEAR_STAGE,35.00,0,3:47;1:2000,0,,,ACH_STAGE,35,35
ACH_STAGE_T36,ACHIEVEMENT,ACH_STAGE_T37,ui_ACH_STAGE_title,ui_ACH_STAGE_decs,CLEAR_STAGE,36.00,0,3:48,0,,,ACH_STAGE,36,36
ACH_STAGE_T37,ACHIEVEMENT,ACH_STAGE_T38,ui_ACH_STAGE_title,ui_ACH_STAGE_decs,CLEAR_STAGE,37.00,0,3:49,0,,,ACH_STAGE,37,37
ACH_STAGE_T38,ACHIEVEMENT,ACH_STAGE_T39,ui_ACH_STAGE_title,ui_ACH_STAGE_decs,CLEAR_STAGE,38.00,0,3:50,0,,,ACH_STAGE,38,38
ACH_STAGE_T39,ACHIEVEMENT,ACH_STAGE_T40,ui_ACH_STAGE_title,ui_ACH_STAGE_decs,CLEAR_STAGE,39.00,0,3:51,0,,,ACH_STAGE,39,39
ACH_STAGE_T40,ACHIEVEMENT,ACH_STAGE_T41,ui_ACH_STAGE_title,ui_ACH_STAGE_decs,CLEAR_STAGE,40.00,0,3:52;1:2000;19:1,0,,,ACH_STAGE,40,40
ACH_STAGE_T41,ACHIEVEMENT,ACH_STAGE_T42,ui_ACH_STAGE_title,ui_ACH_STAGE_decs,CLEAR_STAGE,41.00,0,3:45,0,,,ACH_STAGE,41,41
ACH_STAGE_T42,ACHIEVEMENT,ACH_STAGE_T43,ui_ACH_STAGE_title,ui_ACH_STAGE_decs,CLEAR_STAGE,42.00,0,3:46,0,,,ACH_STAGE,42,42
ACH_STAGE_T43,ACHIEVEMENT,ACH_STAGE_T44,ui_ACH_STAGE_title,ui_ACH_STAGE_decs,CLEAR_STAGE,43.00,0,3:47,0,,,ACH_STAGE,43,43
ACH_STAGE_T44,ACHIEVEMENT,ACH_STAGE_T45,ui_ACH_STAGE_title,ui_ACH_STAGE_decs,CLEAR_STAGE,44.00,0,3:48,0,,,ACH_STAGE,44,44
ACH_STAGE_T45,ACHIEVEMENT,ACH_STAGE_T46,ui_ACH_STAGE_title,ui_ACH_STAGE_decs,CLEAR_STAGE,45.00,0,3:49;1:3000,0,,,ACH_STAGE,45,45
ACH_STAGE_T46,ACHIEVEMENT,ACH_STAGE_T47,ui_ACH_STAGE_title,ui_ACH_STAGE_decs,CLEAR_STAGE,46.00,0,3:50,0,,,ACH_STAGE,46,46
ACH_STAGE_T47,ACHIEVEMENT,ACH_STAGE_T48,ui_ACH_STAGE_title,ui_ACH_STAGE_decs,CLEAR_STAGE,47.00,0,3:51,0,,,ACH_STAGE,47,47
ACH_STAGE_T48,ACHIEVEMENT,ACH_STAGE_T49,ui_ACH_STAGE_title,ui_ACH_STAGE_decs,CLEAR_STAGE,48.00,0,3:52,0,,,ACH_STAGE,48,48
ACH_STAGE_T49,ACHIEVEMENT,ACH_STAGE_T50,ui_ACH_STAGE_title,ui_ACH_STAGE_decs,CLEAR_STAGE,49.00,0,3:53,0,,,ACH_STAGE,49,49
ACH_STAGE_T50,ACHIEVEMENT,ACH_STAGE_T51,ui_ACH_STAGE_title,ui_ACH_STAGE_decs,CLEAR_STAGE,50.00,0,3:54;1:3000;43:9,0,,,ACH_STAGE,50,50
ACH_STAGE_T51,ACHIEVEMENT,ACH_STAGE_T52,ui_ACH_STAGE_title,ui_ACH_STAGE_decs,CLEAR_STAGE,51.00,0,3:55,0,,,ACH_STAGE,51,51
ACH_STAGE_T52,ACHIEVEMENT,ACH_STAGE_T53,ui_ACH_STAGE_title,ui_ACH_STAGE_decs,CLEAR_STAGE,52.00,0,3:56,0,,,ACH_STAGE,52,52
ACH_STAGE_T53,ACHIEVEMENT,ACH_STAGE_T54,ui_ACH_STAGE_title,ui_ACH_STAGE_decs,CLEAR_STAGE,53.00,0,3:57,0,,,ACH_STAGE,53,53
ACH_STAGE_T54,ACHIEVEMENT,ACH_STAGE_T55,ui_ACH_STAGE_title,ui_ACH_STAGE_decs,CLEAR_STAGE,54.00,0,3:58,0,,,ACH_STAGE,54,54
ACH_STAGE_T55,ACHIEVEMENT,ACH_STAGE_T56,ui_ACH_STAGE_title,ui_ACH_STAGE_decs,CLEAR_STAGE,55.00,0,3:59;1:3000,0,,,ACH_STAGE,55,55
ACH_STAGE_T56,ACHIEVEMENT,ACH_STAGE_T57,ui_ACH_STAGE_title,ui_ACH_STAGE_decs,CLEAR_STAGE,56.00,0,3:60,0,,,ACH_STAGE,56,56
ACH_STAGE_T57,ACHIEVEMENT,ACH_STAGE_T58,ui_ACH_STAGE_title,ui_ACH_STAGE_decs,CLEAR_STAGE,57.00,0,3:61,0,,,ACH_STAGE,57,57
ACH_STAGE_T58,ACHIEVEMENT,ACH_STAGE_T59,ui_ACH_STAGE_title,ui_ACH_STAGE_decs,CLEAR_STAGE,58.00,0,3:62,0,,,ACH_STAGE,58,58
ACH_STAGE_T59,ACHIEVEMENT,ACH_STAGE_T60,ui_ACH_STAGE_title,ui_ACH_STAGE_decs,CLEAR_STAGE,59.00,0,3:63,0,,,ACH_STAGE,59,59
ACH_STAGE_T60,ACHIEVEMENT,ACH_STAGE_T61,ui_ACH_STAGE_title,ui_ACH_STAGE_decs,CLEAR_STAGE,60.00,0,3:64;1:3000;19:1,0,,,ACH_STAGE,60,60
ACH_STAGE_T61,ACHIEVEMENT,ACH_STAGE_T62,ui_ACH_STAGE_title,ui_ACH_STAGE_decs,CLEAR_STAGE,61.00,0,3:57,0,,,ACH_STAGE,61,61
ACH_STAGE_T62,ACHIEVEMENT,ACH_STAGE_T63,ui_ACH_STAGE_title,ui_ACH_STAGE_decs,CLEAR_STAGE,62.00,0,3:58,0,,,ACH_STAGE,62,62
ACH_STAGE_T63,ACHIEVEMENT,ACH_STAGE_T64,ui_ACH_STAGE_title,ui_ACH_STAGE_decs,CLEAR_STAGE,63.00,0,3:59,0,,,ACH_STAGE,63,63
ACH_STAGE_T64,ACHIEVEMENT,ACH_STAGE_T65,ui_ACH_STAGE_title,ui_ACH_STAGE_decs,CLEAR_STAGE,64.00,0,3:60,0,,,ACH_STAGE,64,64
ACH_STAGE_T65,ACHIEVEMENT,ACH_STAGE_T66,ui_ACH_STAGE_title,ui_ACH_STAGE_decs,CLEAR_STAGE,65.00,0,3:61;1:4000,0,,,ACH_STAGE,65,65
ACH_STAGE_T66,ACHIEVEMENT,ACH_STAGE_T67,ui_ACH_STAGE_title,ui_ACH_STAGE_decs,CLEAR_STAGE,66.00,0,3:62,0,,,ACH_STAGE,66,66
ACH_STAGE_T67,ACHIEVEMENT,ACH_STAGE_T68,ui_ACH_STAGE_title,ui_ACH_STAGE_decs,CLEAR_STAGE,67.00,0,3:63,0,,,ACH_STAGE,67,67
ACH_STAGE_T68,ACHIEVEMENT,ACH_STAGE_T69,ui_ACH_STAGE_title,ui_ACH_STAGE_decs,CLEAR_STAGE,68.00,0,3:64,0,,,ACH_STAGE,68,68
ACH_STAGE_T69,ACHIEVEMENT,ACH_STAGE_T70,ui_ACH_STAGE_title,ui_ACH_STAGE_decs,CLEAR_STAGE,69.00,0,3:65,0,,,ACH_STAGE,69,69
ACH_STAGE_T70,ACHIEVEMENT,ACH_STAGE_T71,ui_ACH_STAGE_title,ui_ACH_STAGE_decs,CLEAR_STAGE,70.00,0,3:66;1:4000;43:12,0,,,ACH_STAGE,70,70
ACH_STAGE_T71,ACHIEVEMENT,ACH_STAGE_T72,ui_ACH_STAGE_title,ui_ACH_STAGE_decs,CLEAR_STAGE,71.00,0,3:67,0,,,ACH_STAGE,71,71
ACH_STAGE_T72,ACHIEVEMENT,ACH_STAGE_T73,ui_ACH_STAGE_title,ui_ACH_STAGE_decs,CLEAR_STAGE,72.00,0,3:68,0,,,ACH_STAGE,72,72
ACH_STAGE_T73,ACHIEVEMENT,ACH_STAGE_T74,ui_ACH_STAGE_title,ui_ACH_STAGE_decs,CLEAR_STAGE,73.00,0,3:69,0,,,ACH_STAGE,73,73
ACH_STAGE_T74,ACHIEVEMENT,ACH_STAGE_T75,ui_ACH_STAGE_title,ui_ACH_STAGE_decs,CLEAR_STAGE,74.00,0,3:70,0,,,ACH_STAGE,74,74
ACH_STAGE_T75,ACHIEVEMENT,ACH_STAGE_T76,ui_ACH_STAGE_title,ui_ACH_STAGE_decs,CLEAR_STAGE,75.00,0,3:71;1:4000,0,,,ACH_STAGE,75,75
ACH_STAGE_T76,ACHIEVEMENT,ACH_STAGE_T77,ui_ACH_STAGE_title,ui_ACH_STAGE_decs,CLEAR_STAGE,76.00,0,3:72,0,,,ACH_STAGE,76,76
ACH_STAGE_T77,ACHIEVEMENT,ACH_STAGE_T78,ui_ACH_STAGE_title,ui_ACH_STAGE_decs,CLEAR_STAGE,77.00,0,3:73,0,,,ACH_STAGE,77,77
ACH_STAGE_T78,ACHIEVEMENT,ACH_STAGE_T79,ui_ACH_STAGE_title,ui_ACH_STAGE_decs,CLEAR_STAGE,78.00,0,3:74,0,,,ACH_STAGE,78,78
ACH_STAGE_T79,ACHIEVEMENT,ACH_STAGE_T80,ui_ACH_STAGE_title,ui_ACH_STAGE_decs,CLEAR_STAGE,79.00,0,3:75,0,,,ACH_STAGE,79,79
ACH_STAGE_T80,ACHIEVEMENT,ACH_STAGE_T81,ui_ACH_STAGE_title,ui_ACH_STAGE_decs,CLEAR_STAGE,80.00,0,3:76;1:4000;19:1,0,,,ACH_STAGE,80,80
ACH_STAGE_T81,ACHIEVEMENT,ACH_STAGE_T82,ui_ACH_STAGE_title,ui_ACH_STAGE_decs,CLEAR_STAGE,81.00,0,3:69,0,,,ACH_STAGE,81,81
ACH_STAGE_T82,ACHIEVEMENT,ACH_STAGE_T83,ui_ACH_STAGE_title,ui_ACH_STAGE_decs,CLEAR_STAGE,82.00,0,3:70,0,,,ACH_STAGE,82,82
ACH_STAGE_T83,ACHIEVEMENT,ACH_STAGE_T84,ui_ACH_STAGE_title,ui_ACH_STAGE_decs,CLEAR_STAGE,83.00,0,3:71,0,,,ACH_STAGE,83,83
ACH_STAGE_T84,ACHIEVEMENT,ACH_STAGE_T85,ui_ACH_STAGE_title,ui_ACH_STAGE_decs,CLEAR_STAGE,84.00,0,3:72,0,,,ACH_STAGE,84,84
ACH_STAGE_T85,ACHIEVEMENT,ACH_STAGE_T86,ui_ACH_STAGE_title,ui_ACH_STAGE_decs,CLEAR_STAGE,85.00,0,3:73;1:5000,0,,,ACH_STAGE,85,85
ACH_STAGE_T86,ACHIEVEMENT,ACH_STAGE_T87,ui_ACH_STAGE_title,ui_ACH_STAGE_decs,CLEAR_STAGE,86.00,0,3:74,0,,,ACH_STAGE,86,86
ACH_STAGE_T87,ACHIEVEMENT,ACH_STAGE_T88,ui_ACH_STAGE_title,ui_ACH_STAGE_decs,CLEAR_STAGE,87.00,0,3:75,0,,,ACH_STAGE,87,87
ACH_STAGE_T88,ACHIEVEMENT,ACH_STAGE_T89,ui_ACH_STAGE_title,ui_ACH_STAGE_decs,CLEAR_STAGE,88.00,0,3:76,0,,,ACH_STAGE,88,88
ACH_STAGE_T89,ACHIEVEMENT,ACH_STAGE_T90,ui_ACH_STAGE_title,ui_ACH_STAGE_decs,CLEAR_STAGE,89.00,0,3:77,0,,,ACH_STAGE,89,89
ACH_STAGE_T90,ACHIEVEMENT,ACH_STAGE_T91,ui_ACH_STAGE_title,ui_ACH_STAGE_decs,CLEAR_STAGE,90.00,0,3:78;1:5000;43:15,0,,,ACH_STAGE,90,90
ACH_STAGE_T91,ACHIEVEMENT,ACH_STAGE_T92,ui_ACH_STAGE_title,ui_ACH_STAGE_decs,CLEAR_STAGE,91.00,0,3:79,0,,,ACH_STAGE,91,91
ACH_STAGE_T92,ACHIEVEMENT,ACH_STAGE_T93,ui_ACH_STAGE_title,ui_ACH_STAGE_decs,CLEAR_STAGE,92.00,0,3:80,0,,,ACH_STAGE,92,92
ACH_STAGE_T93,ACHIEVEMENT,ACH_STAGE_T94,ui_ACH_STAGE_title,ui_ACH_STAGE_decs,CLEAR_STAGE,93.00,0,3:81,0,,,ACH_STAGE,93,93
ACH_STAGE_T94,ACHIEVEMENT,ACH_STAGE_T95,ui_ACH_STAGE_title,ui_ACH_STAGE_decs,CLEAR_STAGE,94.00,0,3:82,0,,,ACH_STAGE,94,94
ACH_STAGE_T95,ACHIEVEMENT,ACH_STAGE_T96,ui_ACH_STAGE_title,ui_ACH_STAGE_decs,CLEAR_STAGE,95.00,0,3:83;1:5000,0,,,ACH_STAGE,95,95
ACH_STAGE_T96,ACHIEVEMENT,ACH_STAGE_T97,ui_ACH_STAGE_title,ui_ACH_STAGE_decs,CLEAR_STAGE,96.00,0,3:84,0,,,ACH_STAGE,96,96
ACH_STAGE_T97,ACHIEVEMENT,ACH_STAGE_T98,ui_ACH_STAGE_title,ui_ACH_STAGE_decs,CLEAR_STAGE,97.00,0,3:85,0,,,ACH_STAGE,97,97
ACH_STAGE_T98,ACHIEVEMENT,ACH_STAGE_T99,ui_ACH_STAGE_title,ui_ACH_STAGE_decs,CLEAR_STAGE,98.00,0,3:86,0,,,ACH_STAGE,98,98
ACH_STAGE_T99,ACHIEVEMENT,ACH_STAGE_T100,ui_ACH_STAGE_title,ui_ACH_STAGE_decs,CLEAR_STAGE,99.00,0,3:87,0,,,ACH_STAGE,99,99
ACH_STAGE_T100,ACHIEVEMENT,ACH_STAGE_T101,ui_ACH_STAGE_title,ui_ACH_STAGE_decs,CLEAR_STAGE,100.00,0,3:88;1:5000;19:1;20:1,0,,,ACH_STAGE,100,100
ACH_STAGE_T101,ACHIEVEMENT,ACH_STAGE_T102,ui_ACH_STAGE_title,ui_ACH_STAGE_decs,CLEAR_STAGE,101.00,0,3:81,0,,,ACH_STAGE,101,101
ACH_STAGE_T102,ACHIEVEMENT,ACH_STAGE_T103,ui_ACH_STAGE_title,ui_ACH_STAGE_decs,CLEAR_STAGE,102.00,0,3:82,0,,,ACH_STAGE,102,102
ACH_STAGE_T103,ACHIEVEMENT,ACH_STAGE_T104,ui_ACH_STAGE_title,ui_ACH_STAGE_decs,CLEAR_STAGE,103.00,0,3:83,0,,,ACH_STAGE,103,103
ACH_STAGE_T104,ACHIEVEMENT,ACH_STAGE_T105,ui_ACH_STAGE_title,ui_ACH_STAGE_decs,CLEAR_STAGE,104.00,0,3:84,0,,,ACH_STAGE,104,104
ACH_STAGE_T105,ACHIEVEMENT,ACH_STAGE_T106,ui_ACH_STAGE_title,ui_ACH_STAGE_decs,CLEAR_STAGE,105.00,0,3:85;1:6000,0,,,ACH_STAGE,105,105
ACH_STAGE_T106,ACHIEVEMENT,ACH_STAGE_T107,ui_ACH_STAGE_title,ui_ACH_STAGE_decs,CLEAR_STAGE,106.00,0,3:86,0,,,ACH_STAGE,106,106
ACH_STAGE_T107,ACHIEVEMENT,ACH_STAGE_T108,ui_ACH_STAGE_title,ui_ACH_STAGE_decs,CLEAR_STAGE,107.00,0,3:87,0,,,ACH_STAGE,107,107
ACH_STAGE_T108,ACHIEVEMENT,ACH_STAGE_T109,ui_ACH_STAGE_title,ui_ACH_STAGE_decs,CLEAR_STAGE,108.00,0,3:88,0,,,ACH_STAGE,108,108
ACH_STAGE_T109,ACHIEVEMENT,ACH_STAGE_T110,ui_ACH_STAGE_title,ui_ACH_STAGE_decs,CLEAR_STAGE,109.00,0,3:89,0,,,ACH_STAGE,109,109
ACH_STAGE_T110,ACHIEVEMENT,ACH_STAGE_T111,ui_ACH_STAGE_title,ui_ACH_STAGE_decs,CLEAR_STAGE,110.00,0,3:90;1:6000;43:18,0,,,ACH_STAGE,110,110
ACH_STAGE_T111,ACHIEVEMENT,ACH_STAGE_T112,ui_ACH_STAGE_title,ui_ACH_STAGE_decs,CLEAR_STAGE,111.00,0,3:91,0,,,ACH_STAGE,111,111
ACH_STAGE_T112,ACHIEVEMENT,ACH_STAGE_T113,ui_ACH_STAGE_title,ui_ACH_STAGE_decs,CLEAR_STAGE,112.00,0,3:92,0,,,ACH_STAGE,112,112
ACH_STAGE_T113,ACHIEVEMENT,ACH_STAGE_T114,ui_ACH_STAGE_title,ui_ACH_STAGE_decs,CLEAR_STAGE,113.00,0,3:93,0,,,ACH_STAGE,113,113
ACH_STAGE_T114,ACHIEVEMENT,ACH_STAGE_T115,ui_ACH_STAGE_title,ui_ACH_STAGE_decs,CLEAR_STAGE,114.00,0,3:94,0,,,ACH_STAGE,114,114
ACH_STAGE_T115,ACHIEVEMENT,ACH_STAGE_T116,ui_ACH_STAGE_title,ui_ACH_STAGE_decs,CLEAR_STAGE,115.00,0,3:95;1:6000,0,,,ACH_STAGE,115,115
ACH_STAGE_T116,ACHIEVEMENT,ACH_STAGE_T117,ui_ACH_STAGE_title,ui_ACH_STAGE_decs,CLEAR_STAGE,116.00,0,3:96,0,,,ACH_STAGE,116,116
ACH_STAGE_T117,ACHIEVEMENT,ACH_STAGE_T118,ui_ACH_STAGE_title,ui_ACH_STAGE_decs,CLEAR_STAGE,117.00,0,3:97,0,,,ACH_STAGE,117,117
ACH_STAGE_T118,ACHIEVEMENT,ACH_STAGE_T119,ui_ACH_STAGE_title,ui_ACH_STAGE_decs,CLEAR_STAGE,118.00,0,3:98,0,,,ACH_STAGE,118,118
ACH_STAGE_T119,ACHIEVEMENT,ACH_STAGE_T120,ui_ACH_STAGE_title,ui_ACH_STAGE_decs,CLEAR_STAGE,119.00,0,3:99,0,,,ACH_STAGE,119,119
ACH_STAGE_T120,ACHIEVEMENT,ACH_STAGE_T121,ui_ACH_STAGE_title,ui_ACH_STAGE_decs,CLEAR_STAGE,120.00,0,3:100;1:6000;19:1;20:1,0,,,ACH_STAGE,120,120
ACH_STAGE_T121,ACHIEVEMENT,ACH_STAGE_T122,ui_ACH_STAGE_title,ui_ACH_STAGE_decs,CLEAR_STAGE,121.00,0,3:93,0,,,ACH_STAGE,121,121
ACH_STAGE_T122,ACHIEVEMENT,ACH_STAGE_T123,ui_ACH_STAGE_title,ui_ACH_STAGE_decs,CLEAR_STAGE,122.00,0,3:94,0,,,ACH_STAGE,122,122
ACH_STAGE_T123,ACHIEVEMENT,ACH_STAGE_T124,ui_ACH_STAGE_title,ui_ACH_STAGE_decs,CLEAR_STAGE,123.00,0,3:95,0,,,ACH_STAGE,123,123
ACH_STAGE_T124,ACHIEVEMENT,ACH_STAGE_T125,ui_ACH_STAGE_title,ui_ACH_STAGE_decs,CLEAR_STAGE,124.00,0,3:96,0,,,ACH_STAGE,124,124
ACH_STAGE_T125,ACHIEVEMENT,ACH_STAGE_T126,ui_ACH_STAGE_title,ui_ACH_STAGE_decs,CLEAR_STAGE,125.00,0,3:97;1:7000,0,,,ACH_STAGE,125,125
ACH_STAGE_T126,ACHIEVEMENT,ACH_STAGE_T127,ui_ACH_STAGE_title,ui_ACH_STAGE_decs,CLEAR_STAGE,126.00,0,3:98,0,,,ACH_STAGE,126,126
ACH_STAGE_T127,ACHIEVEMENT,ACH_STAGE_T128,ui_ACH_STAGE_title,ui_ACH_STAGE_decs,CLEAR_STAGE,127.00,0,3:99,0,,,ACH_STAGE,127,127
ACH_STAGE_T128,ACHIEVEMENT,ACH_STAGE_T129,ui_ACH_STAGE_title,ui_ACH_STAGE_decs,CLEAR_STAGE,128.00,0,3:100,0,,,ACH_STAGE,128,128
ACH_STAGE_T129,ACHIEVEMENT,ACH_STAGE_T130,ui_ACH_STAGE_title,ui_ACH_STAGE_decs,CLEAR_STAGE,129.00,0,3:101,0,,,ACH_STAGE,129,129
ACH_STAGE_T130,ACHIEVEMENT,ACH_STAGE_T131,ui_ACH_STAGE_title,ui_ACH_STAGE_decs,CLEAR_STAGE,130.00,0,3:102;1:7000;43:21,0,,,ACH_STAGE,130,130
ACH_STAGE_T131,ACHIEVEMENT,ACH_STAGE_T132,ui_ACH_STAGE_title,ui_ACH_STAGE_decs,CLEAR_STAGE,131.00,0,3:103,0,,,ACH_STAGE,131,131
ACH_STAGE_T132,ACHIEVEMENT,ACH_STAGE_T133,ui_ACH_STAGE_title,ui_ACH_STAGE_decs,CLEAR_STAGE,132.00,0,3:104,0,,,ACH_STAGE,132,132
ACH_STAGE_T133,ACHIEVEMENT,ACH_STAGE_T134,ui_ACH_STAGE_title,ui_ACH_STAGE_decs,CLEAR_STAGE,133.00,0,3:105,0,,,ACH_STAGE,133,133
ACH_STAGE_T134,ACHIEVEMENT,ACH_STAGE_T135,ui_ACH_STAGE_title,ui_ACH_STAGE_decs,CLEAR_STAGE,134.00,0,3:106,0,,,ACH_STAGE,134,134
ACH_STAGE_T135,ACHIEVEMENT,ACH_STAGE_T136,ui_ACH_STAGE_title,ui_ACH_STAGE_decs,CLEAR_STAGE,135.00,0,3:107;1:7000,0,,,ACH_STAGE,135,135
ACH_STAGE_T136,ACHIEVEMENT,ACH_STAGE_T137,ui_ACH_STAGE_title,ui_ACH_STAGE_decs,CLEAR_STAGE,136.00,0,3:108,0,,,ACH_STAGE,136,136
ACH_STAGE_T137,ACHIEVEMENT,ACH_STAGE_T138,ui_ACH_STAGE_title,ui_ACH_STAGE_decs,CLEAR_STAGE,137.00,0,3:109,0,,,ACH_STAGE,137,137
ACH_STAGE_T138,ACHIEVEMENT,ACH_STAGE_T139,ui_ACH_STAGE_title,ui_ACH_STAGE_decs,CLEAR_STAGE,138.00,0,3:110,0,,,ACH_STAGE,138,138
ACH_STAGE_T139,ACHIEVEMENT,ACH_STAGE_T140,ui_ACH_STAGE_title,ui_ACH_STAGE_decs,CLEAR_STAGE,139.00,0,3:111,0,,,ACH_STAGE,139,139
ACH_STAGE_T140,ACHIEVEMENT,ACH_STAGE_T141,ui_ACH_STAGE_title,ui_ACH_STAGE_decs,CLEAR_STAGE,140.00,0,3:112;1:7000;19:1;20:1,0,,,ACH_STAGE,140,140
ACH_STAGE_T141,ACHIEVEMENT,ACH_STAGE_T142,ui_ACH_STAGE_title,ui_ACH_STAGE_decs,CLEAR_STAGE,141.00,0,3:105,0,,,ACH_STAGE,141,141
ACH_STAGE_T142,ACHIEVEMENT,ACH_STAGE_T143,ui_ACH_STAGE_title,ui_ACH_STAGE_decs,CLEAR_STAGE,142.00,0,3:106,0,,,ACH_STAGE,142,142
ACH_STAGE_T143,ACHIEVEMENT,ACH_STAGE_T144,ui_ACH_STAGE_title,ui_ACH_STAGE_decs,CLEAR_STAGE,143.00,0,3:107,0,,,ACH_STAGE,143,143
ACH_STAGE_T144,ACHIEVEMENT,ACH_STAGE_T145,ui_ACH_STAGE_title,ui_ACH_STAGE_decs,CLEAR_STAGE,144.00,0,3:108,0,,,ACH_STAGE,144,144
ACH_STAGE_T145,ACHIEVEMENT,ACH_STAGE_T146,ui_ACH_STAGE_title,ui_ACH_STAGE_decs,CLEAR_STAGE,145.00,0,3:109;1:8000,0,,,ACH_STAGE,145,145
ACH_STAGE_T146,ACHIEVEMENT,ACH_STAGE_T147,ui_ACH_STAGE_title,ui_ACH_STAGE_decs,CLEAR_STAGE,146.00,0,3:110,0,,,ACH_STAGE,146,146
ACH_STAGE_T147,ACHIEVEMENT,ACH_STAGE_T148,ui_ACH_STAGE_title,ui_ACH_STAGE_decs,CLEAR_STAGE,147.00,0,3:111,0,,,ACH_STAGE,147,147
ACH_STAGE_T148,ACHIEVEMENT,ACH_STAGE_T149,ui_ACH_STAGE_title,ui_ACH_STAGE_decs,CLEAR_STAGE,148.00,0,3:112,0,,,ACH_STAGE,148,148
ACH_STAGE_T149,ACHIEVEMENT,ACH_STAGE_T150,ui_ACH_STAGE_title,ui_ACH_STAGE_decs,CLEAR_STAGE,149.00,0,3:113,0,,,ACH_STAGE,149,149
ACH_STAGE_T150,ACHIEVEMENT,ACH_STAGE_T151,ui_ACH_STAGE_title,ui_ACH_STAGE_decs,CLEAR_STAGE,150.00,0,3:114;1:8000;43:24,0,,,ACH_STAGE,150,150
ACH_STAGE_T151,ACHIEVEMENT,ACH_STAGE_T152,ui_ACH_STAGE_title,ui_ACH_STAGE_decs,CLEAR_STAGE,151.00,0,3:115,0,,,ACH_STAGE,151,151
ACH_STAGE_T152,ACHIEVEMENT,ACH_STAGE_T153,ui_ACH_STAGE_title,ui_ACH_STAGE_decs,CLEAR_STAGE,152.00,0,3:116,0,,,ACH_STAGE,152,152
ACH_STAGE_T153,ACHIEVEMENT,ACH_STAGE_T154,ui_ACH_STAGE_title,ui_ACH_STAGE_decs,CLEAR_STAGE,153.00,0,3:117,0,,,ACH_STAGE,153,153
ACH_STAGE_T154,ACHIEVEMENT,ACH_STAGE_T155,ui_ACH_STAGE_title,ui_ACH_STAGE_decs,CLEAR_STAGE,154.00,0,3:118,0,,,ACH_STAGE,154,154
ACH_STAGE_T155,ACHIEVEMENT,ACH_STAGE_T156,ui_ACH_STAGE_title,ui_ACH_STAGE_decs,CLEAR_STAGE,155.00,0,3:119;1:8000,0,,,ACH_STAGE,155,155
ACH_STAGE_T156,ACHIEVEMENT,ACH_STAGE_T157,ui_ACH_STAGE_title,ui_ACH_STAGE_decs,CLEAR_STAGE,156.00,0,3:120,0,,,ACH_STAGE,156,156
ACH_STAGE_T157,ACHIEVEMENT,ACH_STAGE_T158,ui_ACH_STAGE_title,ui_ACH_STAGE_decs,CLEAR_STAGE,157.00,0,3:121,0,,,ACH_STAGE,157,157
ACH_STAGE_T158,ACHIEVEMENT,ACH_STAGE_T159,ui_ACH_STAGE_title,ui_ACH_STAGE_decs,CLEAR_STAGE,158.00,0,3:122,0,,,ACH_STAGE,158,158
ACH_STAGE_T159,ACHIEVEMENT,ACH_STAGE_T160,ui_ACH_STAGE_title,ui_ACH_STAGE_decs,CLEAR_STAGE,159.00,0,3:123,0,,,ACH_STAGE,159,159
ACH_STAGE_T160,ACHIEVEMENT,ACH_STAGE_T161,ui_ACH_STAGE_title,ui_ACH_STAGE_decs,CLEAR_STAGE,160.00,0,3:124;1:8000;19:1;20:1,0,,,ACH_STAGE,160,160
ACH_STAGE_T161,ACHIEVEMENT,ACH_STAGE_T162,ui_ACH_STAGE_title,ui_ACH_STAGE_decs,CLEAR_STAGE,161.00,0,3:117,0,,,ACH_STAGE,161,161
ACH_STAGE_T162,ACHIEVEMENT,ACH_STAGE_T163,ui_ACH_STAGE_title,ui_ACH_STAGE_decs,CLEAR_STAGE,162.00,0,3:118,0,,,ACH_STAGE,162,162
ACH_STAGE_T163,ACHIEVEMENT,ACH_STAGE_T164,ui_ACH_STAGE_title,ui_ACH_STAGE_decs,CLEAR_STAGE,163.00,0,3:119,0,,,ACH_STAGE,163,163
ACH_STAGE_T164,ACHIEVEMENT,ACH_STAGE_T165,ui_ACH_STAGE_title,ui_ACH_STAGE_decs,CLEAR_STAGE,164.00,0,3:120,0,,,ACH_STAGE,164,164
ACH_STAGE_T165,ACHIEVEMENT,ACH_STAGE_T166,ui_ACH_STAGE_title,ui_ACH_STAGE_decs,CLEAR_STAGE,165.00,0,3:121;1:9000,0,,,ACH_STAGE,165,165
ACH_STAGE_T166,ACHIEVEMENT,ACH_STAGE_T167,ui_ACH_STAGE_title,ui_ACH_STAGE_decs,CLEAR_STAGE,166.00,0,3:122,0,,,ACH_STAGE,166,166
ACH_STAGE_T167,ACHIEVEMENT,ACH_STAGE_T168,ui_ACH_STAGE_title,ui_ACH_STAGE_decs,CLEAR_STAGE,167.00,0,3:123,0,,,ACH_STAGE,167,167
ACH_STAGE_T168,ACHIEVEMENT,ACH_STAGE_T169,ui_ACH_STAGE_title,ui_ACH_STAGE_decs,CLEAR_STAGE,168.00,0,3:124,0,,,ACH_STAGE,168,168
ACH_STAGE_T169,ACHIEVEMENT,ACH_STAGE_T170,ui_ACH_STAGE_title,ui_ACH_STAGE_decs,CLEAR_STAGE,169.00,0,3:125,0,,,ACH_STAGE,169,169
ACH_STAGE_T170,ACHIEVEMENT,ACH_STAGE_T171,ui_ACH_STAGE_title,ui_ACH_STAGE_decs,CLEAR_STAGE,170.00,0,3:126;1:9000;43:27,0,,,ACH_STAGE,170,170
ACH_STAGE_T171,ACHIEVEMENT,ACH_STAGE_T172,ui_ACH_STAGE_title,ui_ACH_STAGE_decs,CLEAR_STAGE,171.00,0,3:127,0,,,ACH_STAGE,171,171
ACH_STAGE_T172,ACHIEVEMENT,ACH_STAGE_T173,ui_ACH_STAGE_title,ui_ACH_STAGE_decs,CLEAR_STAGE,172.00,0,3:128,0,,,ACH_STAGE,172,172
ACH_STAGE_T173,ACHIEVEMENT,ACH_STAGE_T174,ui_ACH_STAGE_title,ui_ACH_STAGE_decs,CLEAR_STAGE,173.00,0,3:129,0,,,ACH_STAGE,173,173
ACH_STAGE_T174,ACHIEVEMENT,ACH_STAGE_T175,ui_ACH_STAGE_title,ui_ACH_STAGE_decs,CLEAR_STAGE,174.00,0,3:130,0,,,ACH_STAGE,174,174
ACH_STAGE_T175,ACHIEVEMENT,ACH_STAGE_T176,ui_ACH_STAGE_title,ui_ACH_STAGE_decs,CLEAR_STAGE,175.00,0,3:131;1:9000,0,,,ACH_STAGE,175,175
ACH_STAGE_T176,ACHIEVEMENT,ACH_STAGE_T177,ui_ACH_STAGE_title,ui_ACH_STAGE_decs,CLEAR_STAGE,176.00,0,3:132,0,,,ACH_STAGE,176,176
ACH_STAGE_T177,ACHIEVEMENT,ACH_STAGE_T178,ui_ACH_STAGE_title,ui_ACH_STAGE_decs,CLEAR_STAGE,177.00,0,3:133,0,,,ACH_STAGE,177,177
ACH_STAGE_T178,ACHIEVEMENT,ACH_STAGE_T179,ui_ACH_STAGE_title,ui_ACH_STAGE_decs,CLEAR_STAGE,178.00,0,3:134,0,,,ACH_STAGE,178,178
ACH_STAGE_T179,ACHIEVEMENT,ACH_STAGE_T180,ui_ACH_STAGE_title,ui_ACH_STAGE_decs,CLEAR_STAGE,179.00,0,3:135,0,,,ACH_STAGE,179,179
ACH_STAGE_T180,ACHIEVEMENT,ACH_STAGE_T181,ui_ACH_STAGE_title,ui_ACH_STAGE_decs,CLEAR_STAGE,180.00,0,3:136;1:9000;19:1;20:1,0,,,ACH_STAGE,180,180
ACH_STAGE_T181,ACHIEVEMENT,ACH_STAGE_T182,ui_ACH_STAGE_title,ui_ACH_STAGE_decs,CLEAR_STAGE,181.00,0,3:129,0,,,ACH_STAGE,181,181
ACH_STAGE_T182,ACHIEVEMENT,ACH_STAGE_T183,ui_ACH_STAGE_title,ui_ACH_STAGE_decs,CLEAR_STAGE,182.00,0,3:130,0,,,ACH_STAGE,182,182
ACH_STAGE_T183,ACHIEVEMENT,ACH_STAGE_T184,ui_ACH_STAGE_title,ui_ACH_STAGE_decs,CLEAR_STAGE,183.00,0,3:131,0,,,ACH_STAGE,183,183
ACH_STAGE_T184,ACHIEVEMENT,ACH_STAGE_T185,ui_ACH_STAGE_title,ui_ACH_STAGE_decs,CLEAR_STAGE,184.00,0,3:132,0,,,ACH_STAGE,184,184
ACH_STAGE_T185,ACHIEVEMENT,ACH_STAGE_T186,ui_ACH_STAGE_title,ui_ACH_STAGE_decs,CLEAR_STAGE,185.00,0,3:133;1:10000,0,,,ACH_STAGE,185,185
ACH_STAGE_T186,ACHIEVEMENT,ACH_STAGE_T187,ui_ACH_STAGE_title,ui_ACH_STAGE_decs,CLEAR_STAGE,186.00,0,3:134,0,,,ACH_STAGE,186,186
ACH_STAGE_T187,ACHIEVEMENT,ACH_STAGE_T188,ui_ACH_STAGE_title,ui_ACH_STAGE_decs,CLEAR_STAGE,187.00,0,3:135,0,,,ACH_STAGE,187,187
ACH_STAGE_T188,ACHIEVEMENT,ACH_STAGE_T189,ui_ACH_STAGE_title,ui_ACH_STAGE_decs,CLEAR_STAGE,188.00,0,3:136,0,,,ACH_STAGE,188,188
ACH_STAGE_T189,ACHIEVEMENT,ACH_STAGE_T190,ui_ACH_STAGE_title,ui_ACH_STAGE_decs,CLEAR_STAGE,189.00,0,3:137,0,,,ACH_STAGE,189,189
ACH_STAGE_T190,ACHIEVEMENT,ACH_STAGE_T191,ui_ACH_STAGE_title,ui_ACH_STAGE_decs,CLEAR_STAGE,190.00,0,3:138;1:10000;43:30,0,,,ACH_STAGE,190,190
ACH_STAGE_T191,ACHIEVEMENT,ACH_STAGE_T192,ui_ACH_STAGE_title,ui_ACH_STAGE_decs,CLEAR_STAGE,191.00,0,3:139,0,,,ACH_STAGE,191,191
ACH_STAGE_T192,ACHIEVEMENT,ACH_STAGE_T193,ui_ACH_STAGE_title,ui_ACH_STAGE_decs,CLEAR_STAGE,192.00,0,3:140,0,,,ACH_STAGE,192,192
ACH_STAGE_T193,ACHIEVEMENT,ACH_STAGE_T194,ui_ACH_STAGE_title,ui_ACH_STAGE_decs,CLEAR_STAGE,193.00,0,3:141,0,,,ACH_STAGE,193,193
ACH_STAGE_T194,ACHIEVEMENT,ACH_STAGE_T195,ui_ACH_STAGE_title,ui_ACH_STAGE_decs,CLEAR_STAGE,194.00,0,3:142,0,,,ACH_STAGE,194,194
ACH_STAGE_T195,ACHIEVEMENT,ACH_STAGE_T196,ui_ACH_STAGE_title,ui_ACH_STAGE_decs,CLEAR_STAGE,195.00,0,3:143;1:10000,0,,,ACH_STAGE,195,195
ACH_STAGE_T196,ACHIEVEMENT,ACH_STAGE_T197,ui_ACH_STAGE_title,ui_ACH_STAGE_decs,CLEAR_STAGE,196.00,0,3:144,0,,,ACH_STAGE,196,196
ACH_STAGE_T197,ACHIEVEMENT,ACH_STAGE_T198,ui_ACH_STAGE_title,ui_ACH_STAGE_decs,CLEAR_STAGE,197.00,0,3:145,0,,,ACH_STAGE,197,197
ACH_STAGE_T198,ACHIEVEMENT,ACH_STAGE_T199,ui_ACH_STAGE_title,ui_ACH_STAGE_decs,CLEAR_STAGE,198.00,0,3:146,0,,,ACH_STAGE,198,198
ACH_STAGE_T199,ACHIEVEMENT,ACH_STAGE_T200,ui_ACH_STAGE_title,ui_ACH_STAGE_decs,CLEAR_STAGE,199.00,0,3:147,0,,,ACH_STAGE,199,199
ACH_STAGE_T200,ACHIEVEMENT,ACH_COLLECT_T1,ui_ACH_STAGE_title,ui_ACH_STAGE_decs,CLEAR_STAGE,200.00,0,3:148;1:10000;19:1;20:1,0,,,ACH_STAGE,200,200
ACH_COLLECT_T1,ACHIEVEMENT,ACH_COLLECT_T2,ui_ACH_COLLECT_title,ui_ACH_COLLECT_decs,OWN_HERO,5.00,0,3:40,0,,,ACH_COLLECT,1,1
ACH_COLLECT_T2,ACHIEVEMENT,ACH_COLLECT_T3,ui_ACH_COLLECT_title,ui_ACH_COLLECT_decs,OWN_HERO,10.00,0,3:50,0,,,ACH_COLLECT,2,2
ACH_COLLECT_T3,ACHIEVEMENT,ACH_COLLECT_T4,ui_ACH_COLLECT_title,ui_ACH_COLLECT_decs,OWN_HERO,15.00,0,3:60,0,,,ACH_COLLECT,3,3
ACH_COLLECT_T4,ACHIEVEMENT,ACH_COLLECT_T5,ui_ACH_COLLECT_title,ui_ACH_COLLECT_decs,OWN_HERO,20.00,0,3:70;11:8,0,,,ACH_COLLECT,4,4
ACH_COLLECT_T5,ACHIEVEMENT,ACH_COLLECT_T6,ui_ACH_COLLECT_title,ui_ACH_COLLECT_decs,OWN_HERO,25.00,0,3:80;11:10,0,,,ACH_COLLECT,5,5
ACH_COLLECT_T6,ACHIEVEMENT,ACH_COLLECT_T7,ui_ACH_COLLECT_title,ui_ACH_COLLECT_decs,OWN_HERO,30.00,0,3:90;11:12,0,,,ACH_COLLECT,6,6
ACH_COLLECT_T7,ACHIEVEMENT,ACH_COLLECT_T8,ui_ACH_COLLECT_title,ui_ACH_COLLECT_decs,OWN_HERO,35.00,0,3:100;11:14,0,,,ACH_COLLECT,7,7
ACH_COLLECT_T8,ACHIEVEMENT,ACH_COLLECT_T9,ui_ACH_COLLECT_title,ui_ACH_COLLECT_decs,OWN_HERO,40.00,0,3:110;11:16,0,,,ACH_COLLECT,8,8
ACH_COLLECT_T9,ACHIEVEMENT,ACH_COLLECT_T10,ui_ACH_COLLECT_title,ui_ACH_COLLECT_decs,OWN_HERO,45.00,0,3:120;11:18,0,,,ACH_COLLECT,9,9
ACH_COLLECT_T10,ACHIEVEMENT,ACH_COLLECT_T11,ui_ACH_COLLECT_title,ui_ACH_COLLECT_decs,OWN_HERO,50.00,0,3:130;11:20;20:1,0,,,ACH_COLLECT,10,10
ACH_COLLECT_T11,ACHIEVEMENT,ACH_COLLECT_T12,ui_ACH_COLLECT_title,ui_ACH_COLLECT_decs,OWN_HERO,55.00,0,3:140;11:22,0,,,ACH_COLLECT,11,11
ACH_COLLECT_T12,ACHIEVEMENT,ACH_COLLECT_T13,ui_ACH_COLLECT_title,ui_ACH_COLLECT_decs,OWN_HERO,60.00,0,3:150;11:24,0,,,ACH_COLLECT,12,12
ACH_COLLECT_T13,ACHIEVEMENT,ACH_COLLECT_T14,ui_ACH_COLLECT_title,ui_ACH_COLLECT_decs,OWN_HERO,65.00,0,3:160;11:26,0,,,ACH_COLLECT,13,13
ACH_COLLECT_T14,ACHIEVEMENT,ACH_COLLECT_T15,ui_ACH_COLLECT_title,ui_ACH_COLLECT_decs,OWN_HERO,70.00,0,3:170;11:28,0,,,ACH_COLLECT,14,14
ACH_COLLECT_T15,ACHIEVEMENT,ACH_COLLECT_T16,ui_ACH_COLLECT_title,ui_ACH_COLLECT_decs,OWN_HERO,75.00,0,3:180;11:30,0,,,ACH_COLLECT,15,15
ACH_COLLECT_T16,ACHIEVEMENT,ACH_COLLECT_T17,ui_ACH_COLLECT_title,ui_ACH_COLLECT_decs,OWN_HERO,80.00,0,3:190;11:32,0,,,ACH_COLLECT,16,16
ACH_COLLECT_T17,ACHIEVEMENT,ACH_COLLECT_T18,ui_ACH_COLLECT_title,ui_ACH_COLLECT_decs,OWN_HERO,85.00,0,3:200;11:34,0,,,ACH_COLLECT,17,17
ACH_COLLECT_T18,ACHIEVEMENT,ACH_COLLECT_T19,ui_ACH_COLLECT_title,ui_ACH_COLLECT_decs,OWN_HERO,90.00,0,3:210;11:36,0,,,ACH_COLLECT,18,18
ACH_COLLECT_T19,ACHIEVEMENT,ACH_COLLECT_T20,ui_ACH_COLLECT_title,ui_ACH_COLLECT_decs,OWN_HERO,95.00,0,3:220;11:38,0,,,ACH_COLLECT,19,19
ACH_COLLECT_T20,ACHIEVEMENT,ACH_COLLECT_T21,ui_ACH_COLLECT_title,ui_ACH_COLLECT_decs,OWN_HERO,100.00,0,3:230;11:40;20:1,0,,,ACH_COLLECT,20,20
ACH_COLLECT_T21,ACHIEVEMENT,ACH_COLLECT_T22,ui_ACH_COLLECT_title,ui_ACH_COLLECT_decs,OWN_HERO,105.00,0,3:240;11:42,0,,,ACH_COLLECT,21,21
ACH_COLLECT_T22,ACHIEVEMENT,ACH_COLLECT_T23,ui_ACH_COLLECT_title,ui_ACH_COLLECT_decs,OWN_HERO,110.00,0,3:250;11:44,0,,,ACH_COLLECT,22,22
ACH_COLLECT_T23,ACHIEVEMENT,ACH_COLLECT_T24,ui_ACH_COLLECT_title,ui_ACH_COLLECT_decs,OWN_HERO,115.00,0,3:260;11:46,0,,,ACH_COLLECT,23,23
ACH_COLLECT_T24,ACHIEVEMENT,ACH_COLLECT_T25,ui_ACH_COLLECT_title,ui_ACH_COLLECT_decs,OWN_HERO,120.00,0,3:270;11:48,0,,,ACH_COLLECT,24,24
ACH_COLLECT_T25,ACHIEVEMENT,ACH_COLLECT_T26,ui_ACH_COLLECT_title,ui_ACH_COLLECT_decs,OWN_HERO,125.00,0,3:280;11:50,0,,,ACH_COLLECT,25,25
ACH_COLLECT_T26,ACHIEVEMENT,ACH_COLLECT_T27,ui_ACH_COLLECT_title,ui_ACH_COLLECT_decs,OWN_HERO,130.00,0,3:290;11:52,0,,,ACH_COLLECT,26,26
ACH_COLLECT_T27,ACHIEVEMENT,ACH_COLLECT_T28,ui_ACH_COLLECT_title,ui_ACH_COLLECT_decs,OWN_HERO,135.00,0,3:300;11:54,0,,,ACH_COLLECT,27,27
ACH_COLLECT_T28,ACHIEVEMENT,ACH_COLLECT_T29,ui_ACH_COLLECT_title,ui_ACH_COLLECT_decs,OWN_HERO,140.00,0,3:310;11:56,0,,,ACH_COLLECT,28,28
ACH_COLLECT_T29,ACHIEVEMENT,ACH_COLLECT_T30,ui_ACH_COLLECT_title,ui_ACH_COLLECT_decs,OWN_HERO,145.00,0,3:320;11:58,0,,,ACH_COLLECT,29,29
ACH_COLLECT_T30,ACHIEVEMENT,ACH_SUMMON_T1,ui_ACH_COLLECT_title,ui_ACH_COLLECT_decs,OWN_HERO,150.00,0,3:330;11:60;20:1,0,,,ACH_COLLECT,30,30
ACH_SUMMON_T1,ACHIEVEMENT,ACH_SUMMON_T2,ui_ACH_SUMMON_title,ui_ACH_SUMMON_decs,HERO_SUMMON,10.00,0,3:70,0,,,ACH_SUMMON,1,1
ACH_SUMMON_T2,ACHIEVEMENT,ACH_SUMMON_T3,ui_ACH_SUMMON_title,ui_ACH_SUMMON_decs,HERO_SUMMON,25.00,0,3:90,0,,,ACH_SUMMON,2,2
ACH_SUMMON_T3,ACHIEVEMENT,ACH_SUMMON_T4,ui_ACH_SUMMON_title,ui_ACH_SUMMON_decs,HERO_SUMMON,50.00,0,3:110,0,,,ACH_SUMMON,3,3
ACH_SUMMON_T4,ACHIEVEMENT,ACH_SUMMON_T5,ui_ACH_SUMMON_title,ui_ACH_SUMMON_decs,HERO_SUMMON,100.00,0,3:130,0,,,ACH_SUMMON,4,4
ACH_SUMMON_T5,ACHIEVEMENT,ACH_SUMMON_T6,ui_ACH_SUMMON_title,ui_ACH_SUMMON_decs,HERO_SUMMON,150.00,0,3:150,0,,,ACH_SUMMON,5,5
ACH_SUMMON_T6,ACHIEVEMENT,ACH_SUMMON_T7,ui_ACH_SUMMON_title,ui_ACH_SUMMON_decs,HERO_SUMMON,200.00,0,3:170,0,,,ACH_SUMMON,6,6
ACH_SUMMON_T7,ACHIEVEMENT,ACH_SUMMON_T8,ui_ACH_SUMMON_title,ui_ACH_SUMMON_decs,HERO_SUMMON,300.00,0,3:190,0,,,ACH_SUMMON,7,7
ACH_SUMMON_T8,ACHIEVEMENT,ACH_SUMMON_T9,ui_ACH_SUMMON_title,ui_ACH_SUMMON_decs,HERO_SUMMON,400.00,0,3:210,0,,,ACH_SUMMON,8,8
ACH_SUMMON_T9,ACHIEVEMENT,ACH_SUMMON_T10,ui_ACH_SUMMON_title,ui_ACH_SUMMON_decs,HERO_SUMMON,500.00,0,3:230;8:3,0,,,ACH_SUMMON,9,9
ACH_SUMMON_T10,ACHIEVEMENT,ACH_SUMMON_T11,ui_ACH_SUMMON_title,ui_ACH_SUMMON_decs,HERO_SUMMON,650.00,0,3:250;8:3,0,,,ACH_SUMMON,10,10
ACH_SUMMON_T11,ACHIEVEMENT,ACH_SUMMON_T12,ui_ACH_SUMMON_title,ui_ACH_SUMMON_decs,HERO_SUMMON,800.00,0,3:270;8:3,0,,,ACH_SUMMON,11,11
ACH_SUMMON_T12,ACHIEVEMENT,ACH_SUMMON_T13,ui_ACH_SUMMON_title,ui_ACH_SUMMON_decs,HERO_SUMMON,1000.00,0,3:290;8:4,0,,,ACH_SUMMON,12,12
ACH_SUMMON_T13,ACHIEVEMENT,ACH_SUMMON_T14,ui_ACH_SUMMON_title,ui_ACH_SUMMON_decs,HERO_SUMMON,1250.00,0,3:310;8:4,0,,,ACH_SUMMON,13,13
ACH_SUMMON_T14,ACHIEVEMENT,ACH_SUMMON_T15,ui_ACH_SUMMON_title,ui_ACH_SUMMON_decs,HERO_SUMMON,1500.00,0,3:330;8:4;8:10,0,,,ACH_SUMMON,14,14
ACH_SUMMON_T15,ACHIEVEMENT,ACH_SUMMON_T16,ui_ACH_SUMMON_title,ui_ACH_SUMMON_decs,HERO_SUMMON,2000.00,0,3:350;8:4;8:10,0,,,ACH_SUMMON,15,15
ACH_SUMMON_T16,ACHIEVEMENT,ACH_SUMMON_T17,ui_ACH_SUMMON_title,ui_ACH_SUMMON_decs,HERO_SUMMON,2500.00,0,3:370;8:5;8:10,0,,,ACH_SUMMON,16,16
ACH_SUMMON_T17,ACHIEVEMENT,ACH_SUMMON_T18,ui_ACH_SUMMON_title,ui_ACH_SUMMON_decs,HERO_SUMMON,3000.00,0,3:390;8:5;8:10,0,,,ACH_SUMMON,17,17
ACH_SUMMON_T18,ACHIEVEMENT,ACH_SUMMON_T19,ui_ACH_SUMMON_title,ui_ACH_SUMMON_decs,HERO_SUMMON,4000.00,0,3:410;8:5;8:10,0,,,ACH_SUMMON,18,18
ACH_SUMMON_T19,ACHIEVEMENT,ACH_KILL_T1,ui_ACH_SUMMON_title,ui_ACH_SUMMON_decs,HERO_SUMMON,5000.00,0,3:430;8:5;8:10,0,,,ACH_SUMMON,19,19
ACH_KILL_T1,ACHIEVEMENT,ACH_KILL_T2,ui_ACH_KILL_title,ui_ACH_KILL_decs,KILL_MONSTER,100.00,0,1:2000,0,,,ACH_KILL,1,1
ACH_KILL_T2,ACHIEVEMENT,ACH_KILL_T3,ui_ACH_KILL_title,ui_ACH_KILL_decs,KILL_MONSTER,250.00,0,1:4000,0,,,ACH_KILL,2,2
ACH_KILL_T3,ACHIEVEMENT,ACH_KILL_T4,ui_ACH_KILL_title,ui_ACH_KILL_decs,KILL_MONSTER,500.00,0,1:6000,0,,,ACH_KILL,3,3
ACH_KILL_T4,ACHIEVEMENT,ACH_KILL_T5,ui_ACH_KILL_title,ui_ACH_KILL_decs,KILL_MONSTER,1000.00,0,1:8000,0,,,ACH_KILL,4,4
ACH_KILL_T5,ACHIEVEMENT,ACH_KILL_T6,ui_ACH_KILL_title,ui_ACH_KILL_decs,KILL_MONSTER,2000.00,0,1:10000,0,,,ACH_KILL,5,5
ACH_KILL_T6,ACHIEVEMENT,ACH_KILL_T7,ui_ACH_KILL_title,ui_ACH_KILL_decs,KILL_MONSTER,3500.00,0,1:12000,0,,,ACH_KILL,6,6
ACH_KILL_T7,ACHIEVEMENT,ACH_KILL_T8,ui_ACH_KILL_title,ui_ACH_KILL_decs,KILL_MONSTER,5000.00,0,1:14000,0,,,ACH_KILL,7,7
ACH_KILL_T8,ACHIEVEMENT,ACH_KILL_T9,ui_ACH_KILL_title,ui_ACH_KILL_decs,KILL_MONSTER,7500.00,0,1:16000,0,,,ACH_KILL,8,8
ACH_KILL_T9,ACHIEVEMENT,ACH_KILL_T10,ui_ACH_KILL_title,ui_ACH_KILL_decs,KILL_MONSTER,10000.00,0,1:18000;19:1,0,,,ACH_KILL,9,9
ACH_KILL_T10,ACHIEVEMENT,ACH_KILL_T11,ui_ACH_KILL_title,ui_ACH_KILL_decs,KILL_MONSTER,15000.00,0,1:20000;19:1,0,,,ACH_KILL,10,10
ACH_KILL_T11,ACHIEVEMENT,ACH_KILL_T12,ui_ACH_KILL_title,ui_ACH_KILL_decs,KILL_MONSTER,25000.00,0,1:22000;19:1,0,,,ACH_KILL,11,11
ACH_KILL_T12,ACHIEVEMENT,ACH_KILL_T13,ui_ACH_KILL_title,ui_ACH_KILL_decs,KILL_MONSTER,50000.00,0,1:24000;19:1,0,,,ACH_KILL,12,12
ACH_KILL_T13,ACHIEVEMENT,ACH_KILL_T14,ui_ACH_KILL_title,ui_ACH_KILL_decs,KILL_MONSTER,75000.00,0,1:26000;19:1,0,,,ACH_KILL,13,13
ACH_KILL_T14,ACHIEVEMENT,ACH_KILL_T15,ui_ACH_KILL_title,ui_ACH_KILL_decs,KILL_MONSTER,100000.00,0,1:28000;19:1;20:1,0,,,ACH_KILL,14,14
ACH_KILL_T15,ACHIEVEMENT,ACH_KILL_T16,ui_ACH_KILL_title,ui_ACH_KILL_decs,KILL_MONSTER,250000.00,0,1:30000;19:1;20:1,0,,,ACH_KILL,15,15
ACH_KILL_T16,ACHIEVEMENT,ACH_KILL_T17,ui_ACH_KILL_title,ui_ACH_KILL_decs,KILL_MONSTER,500000.00,0,1:32000;19:1;20:1,0,,,ACH_KILL,16,16
ACH_KILL_T17,ACHIEVEMENT,ACH_KILL_T18,ui_ACH_KILL_title,ui_ACH_KILL_decs,KILL_MONSTER,750000.00,0,1:34000;19:1;20:1,0,,,ACH_KILL,17,17
ACH_KILL_T18,ACHIEVEMENT,ACH_KILL_T19,ui_ACH_KILL_title,ui_ACH_KILL_decs,KILL_MONSTER,1000000.00,0,1:36000;19:1;20:1;21:1,0,,,ACH_KILL,18,18
ACH_KILL_T19,ACHIEVEMENT,ACH_BOSS_T1,ui_ACH_KILL_title,ui_ACH_KILL_decs,KILL_MONSTER,2000000.00,0,1:38000;19:1;20:1;21:1,0,,,ACH_KILL,19,19
ACH_BOSS_T1,ACHIEVEMENT,ACH_BOSS_T2,ui_ACH_BOSS_title,ui_ACH_BOSS_decs,KILL_BOSS,5.00,0,3:60,0,,,ACH_BOSS,1,1
ACH_BOSS_T2,ACHIEVEMENT,ACH_BOSS_T3,ui_ACH_BOSS_title,ui_ACH_BOSS_decs,KILL_BOSS,15.00,0,3:80,0,,,ACH_BOSS,2,2
ACH_BOSS_T3,ACHIEVEMENT,ACH_BOSS_T4,ui_ACH_BOSS_title,ui_ACH_BOSS_decs,KILL_BOSS,25.00,0,3:100,0,,,ACH_BOSS,3,3
ACH_BOSS_T4,ACHIEVEMENT,ACH_BOSS_T5,ui_ACH_BOSS_title,ui_ACH_BOSS_decs,KILL_BOSS,50.00,0,3:120,0,,,ACH_BOSS,4,4
ACH_BOSS_T5,ACHIEVEMENT,ACH_BOSS_T6,ui_ACH_BOSS_title,ui_ACH_BOSS_decs,KILL_BOSS,75.00,0,3:140,0,,,ACH_BOSS,5,5
ACH_BOSS_T6,ACHIEVEMENT,ACH_BOSS_T7,ui_ACH_BOSS_title,ui_ACH_BOSS_decs,KILL_BOSS,100.00,0,3:160,0,,,ACH_BOSS,6,6
ACH_BOSS_T7,ACHIEVEMENT,ACH_BOSS_T8,ui_ACH_BOSS_title,ui_ACH_BOSS_decs,KILL_BOSS,150.00,0,3:180,0,,,ACH_BOSS,7,7
ACH_BOSS_T8,ACHIEVEMENT,ACH_BOSS_T9,ui_ACH_BOSS_title,ui_ACH_BOSS_decs,KILL_BOSS,250.00,0,3:200;11:24,0,,,ACH_BOSS,8,8
ACH_BOSS_T9,ACHIEVEMENT,ACH_BOSS_T10,ui_ACH_BOSS_title,ui_ACH_BOSS_decs,KILL_BOSS,400.00,0,3:220;11:27,0,,,ACH_BOSS,9,9
ACH_BOSS_T10,ACHIEVEMENT,ACH_BOSS_T11,ui_ACH_BOSS_title,ui_ACH_BOSS_decs,KILL_BOSS,500.00,0,3:240;11:30,0,,,ACH_BOSS,10,10
ACH_BOSS_T11,ACHIEVEMENT,ACH_BOSS_T12,ui_ACH_BOSS_title,ui_ACH_BOSS_decs,KILL_BOSS,750.00,0,3:260;11:33,0,,,ACH_BOSS,11,11
ACH_BOSS_T12,ACHIEVEMENT,ACH_BOSS_T13,ui_ACH_BOSS_title,ui_ACH_BOSS_decs,KILL_BOSS,1000.00,0,3:280;11:36;12:5,0,,,ACH_BOSS,12,12
ACH_BOSS_T13,ACHIEVEMENT,ACH_BOSS_T14,ui_ACH_BOSS_title,ui_ACH_BOSS_decs,KILL_BOSS,1500.00,0,3:300;11:39;12:5,0,,,ACH_BOSS,13,13
ACH_BOSS_T14,ACHIEVEMENT,ACH_BOSS_T15,ui_ACH_BOSS_title,ui_ACH_BOSS_decs,KILL_BOSS,2000.00,0,3:320;11:42;12:5,0,,,ACH_BOSS,14,14
ACH_BOSS_T15,ACHIEVEMENT,ACH_BOSS_T16,ui_ACH_BOSS_title,ui_ACH_BOSS_decs,KILL_BOSS,3000.00,0,3:340;11:45;12:5,0,,,ACH_BOSS,15,15
ACH_BOSS_T16,ACHIEVEMENT,ACH_ENHANCE_T1,ui_ACH_BOSS_title,ui_ACH_BOSS_decs,KILL_BOSS,5000.00,0,3:360;11:48;12:5,0,,,ACH_BOSS,16,16
ACH_ENHANCE_T1,ACHIEVEMENT,ACH_ENHANCE_T2,ui_ACH_ENHANCE_title,ui_ACH_ENHANCE_decs,ENHANCE_GEAR,10.00,0,43:10,0,,,ACH_ENHANCE,1,1
ACH_ENHANCE_T2,ACHIEVEMENT,ACH_ENHANCE_T3,ui_ACH_ENHANCE_title,ui_ACH_ENHANCE_decs,ENHANCE_GEAR,25.00,0,43:20,0,,,ACH_ENHANCE,2,2
ACH_ENHANCE_T3,ACHIEVEMENT,ACH_ENHANCE_T4,ui_ACH_ENHANCE_title,ui_ACH_ENHANCE_decs,ENHANCE_GEAR,50.00,0,43:30,0,,,ACH_ENHANCE,3,3
ACH_ENHANCE_T4,ACHIEVEMENT,ACH_ENHANCE_T5,ui_ACH_ENHANCE_title,ui_ACH_ENHANCE_decs,ENHANCE_GEAR,100.00,0,43:40,0,,,ACH_ENHANCE,4,4
ACH_ENHANCE_T5,ACHIEVEMENT,ACH_ENHANCE_T6,ui_ACH_ENHANCE_title,ui_ACH_ENHANCE_decs,ENHANCE_GEAR,200.00,0,43:50,0,,,ACH_ENHANCE,5,5
ACH_ENHANCE_T6,ACHIEVEMENT,ACH_ENHANCE_T7,ui_ACH_ENHANCE_title,ui_ACH_ENHANCE_decs,ENHANCE_GEAR,350.00,0,43:60,0,,,ACH_ENHANCE,6,6
ACH_ENHANCE_T7,ACHIEVEMENT,ACH_ENHANCE_T8,ui_ACH_ENHANCE_title,ui_ACH_ENHANCE_decs,ENHANCE_GEAR,500.00,0,43:70;27:12,0,,,ACH_ENHANCE,7,7
ACH_ENHANCE_T8,ACHIEVEMENT,ACH_ENHANCE_T9,ui_ACH_ENHANCE_title,ui_ACH_ENHANCE_decs,ENHANCE_GEAR,750.00,0,43:80;27:13,0,,,ACH_ENHANCE,8,8
ACH_ENHANCE_T9,ACHIEVEMENT,ACH_ENHANCE_T10,ui_ACH_ENHANCE_title,ui_ACH_ENHANCE_decs,ENHANCE_GEAR,1000.00,0,43:90;27:14,0,,,ACH_ENHANCE,9,9
ACH_ENHANCE_T10,ACHIEVEMENT,ACH_ENHANCE_T11,ui_ACH_ENHANCE_title,ui_ACH_ENHANCE_decs,ENHANCE_GEAR,1500.00,0,43:100;27:15,0,,,ACH_ENHANCE,10,10
ACH_ENHANCE_T11,ACHIEVEMENT,ACH_ENHANCE_T12,ui_ACH_ENHANCE_title,ui_ACH_ENHANCE_decs,ENHANCE_GEAR,2000.00,0,43:110;27:16;19:1,0,,,ACH_ENHANCE,11,11
ACH_ENHANCE_T12,ACHIEVEMENT,ACH_ENHANCE_T13,ui_ACH_ENHANCE_title,ui_ACH_ENHANCE_decs,ENHANCE_GEAR,3000.00,0,43:120;27:17;19:1,0,,,ACH_ENHANCE,12,12
ACH_ENHANCE_T13,ACHIEVEMENT,ACH_POWER_T1,ui_ACH_ENHANCE_title,ui_ACH_ENHANCE_decs,ENHANCE_GEAR,5000.00,0,43:130;27:18;19:1,0,,,ACH_ENHANCE,13,13
ACH_POWER_T1,ACHIEVEMENT,ACH_POWER_T2,ui_ACH_POWER_title,ui_ACH_POWER_decs,REACH_POWER,10000.00,0,3:80,0,,,ACH_POWER,1,1
ACH_POWER_T2,ACHIEVEMENT,ACH_POWER_T3,ui_ACH_POWER_title,ui_ACH_POWER_decs,REACH_POWER,25000.00,0,3:110,0,,,ACH_POWER,2,2
ACH_POWER_T3,ACHIEVEMENT,ACH_POWER_T4,ui_ACH_POWER_title,ui_ACH_POWER_decs,REACH_POWER,50000.00,0,3:140,0,,,ACH_POWER,3,3
ACH_POWER_T4,ACHIEVEMENT,ACH_POWER_T5,ui_ACH_POWER_title,ui_ACH_POWER_decs,REACH_POWER,100000.00,0,3:170,0,,,ACH_POWER,4,4
ACH_POWER_T5,ACHIEVEMENT,ACH_POWER_T6,ui_ACH_POWER_title,ui_ACH_POWER_decs,REACH_POWER,250000.00,0,3:200,0,,,ACH_POWER,5,5
ACH_POWER_T6,ACHIEVEMENT,ACH_POWER_T7,ui_ACH_POWER_title,ui_ACH_POWER_decs,REACH_POWER,500000.00,0,3:230,0,,,ACH_POWER,6,6
ACH_POWER_T7,ACHIEVEMENT,ACH_POWER_T8,ui_ACH_POWER_title,ui_ACH_POWER_decs,REACH_POWER,750000.00,0,3:260,0,,,ACH_POWER,7,7
ACH_POWER_T8,ACHIEVEMENT,ACH_POWER_T9,ui_ACH_POWER_title,ui_ACH_POWER_decs,REACH_POWER,1000000.00,0,3:290;20:1,0,,,ACH_POWER,8,8
ACH_POWER_T9,ACHIEVEMENT,ACH_POWER_T10,ui_ACH_POWER_title,ui_ACH_POWER_decs,REACH_POWER,2000000.00,0,3:320;20:1,0,,,ACH_POWER,9,9
ACH_POWER_T10,ACHIEVEMENT,ACH_POWER_T11,ui_ACH_POWER_title,ui_ACH_POWER_decs,REACH_POWER,3500000.00,0,3:350;20:1,0,,,ACH_POWER,10,10
ACH_POWER_T11,ACHIEVEMENT,ACH_POWER_T12,ui_ACH_POWER_title,ui_ACH_POWER_decs,REACH_POWER,5000000.00,0,3:380;20:1,0,,,ACH_POWER,11,11
ACH_POWER_T12,ACHIEVEMENT,ACH_POWER_T13,ui_ACH_POWER_title,ui_ACH_POWER_decs,REACH_POWER,7500000.00,0,3:410;20:1,0,,,ACH_POWER,12,12
ACH_POWER_T13,ACHIEVEMENT,ACH_POWER_T14,ui_ACH_POWER_title,ui_ACH_POWER_decs,REACH_POWER,10000000.00,0,3:440;20:1,0,,,ACH_POWER,13,13
ACH_POWER_T14,ACHIEVEMENT,ACH_LEVEL_T1,ui_ACH_POWER_title,ui_ACH_POWER_decs,REACH_POWER,25000000.00,0,3:470;20:1,0,,,ACH_POWER,14,14
ACH_LEVEL_T1,ACHIEVEMENT,ACH_LEVEL_T2,ui_ACH_LEVEL_title,ui_ACH_LEVEL_decs,REACH_LEVEL,5.00,0,1:5000;3:25,0,,,ACH_LEVEL,1,1
ACH_LEVEL_T2,ACHIEVEMENT,ACH_LEVEL_T3,ui_ACH_LEVEL_title,ui_ACH_LEVEL_decs,REACH_LEVEL,10.00,0,1:10000;3:30,0,,,ACH_LEVEL,2,2
ACH_LEVEL_T3,ACHIEVEMENT,ACH_LEVEL_T4,ui_ACH_LEVEL_title,ui_ACH_LEVEL_decs,REACH_LEVEL,15.00,0,1:15000;3:35,0,,,ACH_LEVEL,3,3
ACH_LEVEL_T4,ACHIEVEMENT,ACH_LEVEL_T5,ui_ACH_LEVEL_title,ui_ACH_LEVEL_decs,REACH_LEVEL,20.00,0,1:20000;3:40,0,,,ACH_LEVEL,4,4
ACH_LEVEL_T5,ACHIEVEMENT,ACH_LEVEL_T6,ui_ACH_LEVEL_title,ui_ACH_LEVEL_decs,REACH_LEVEL,25.00,0,1:25000;3:45,0,,,ACH_LEVEL,5,5
ACH_LEVEL_T6,ACHIEVEMENT,ACH_LEVEL_T7,ui_ACH_LEVEL_title,ui_ACH_LEVEL_decs,REACH_LEVEL,30.00,0,1:30000;3:50,0,,,ACH_LEVEL,6,6
ACH_LEVEL_T7,ACHIEVEMENT,ACH_LEVEL_T8,ui_ACH_LEVEL_title,ui_ACH_LEVEL_decs,REACH_LEVEL,35.00,0,1:35000;3:55,0,,,ACH_LEVEL,7,7
ACH_LEVEL_T8,ACHIEVEMENT,ACH_LEVEL_T9,ui_ACH_LEVEL_title,ui_ACH_LEVEL_decs,REACH_LEVEL,40.00,0,1:40000;3:60,0,,,ACH_LEVEL,8,8
ACH_LEVEL_T9,ACHIEVEMENT,ACH_LEVEL_T10,ui_ACH_LEVEL_title,ui_ACH_LEVEL_decs,REACH_LEVEL,45.00,0,1:45000;3:65,0,,,ACH_LEVEL,9,9
ACH_LEVEL_T10,ACHIEVEMENT,ACH_LEVEL_T11,ui_ACH_LEVEL_title,ui_ACH_LEVEL_decs,REACH_LEVEL,50.00,0,1:50000;3:70;19:1,0,,,ACH_LEVEL,10,10
ACH_LEVEL_T11,ACHIEVEMENT,ACH_LEVEL_T12,ui_ACH_LEVEL_title,ui_ACH_LEVEL_decs,REACH_LEVEL,55.00,0,1:55000;3:75,0,,,ACH_LEVEL,11,11
ACH_LEVEL_T12,ACHIEVEMENT,ACH_LEVEL_T13,ui_ACH_LEVEL_title,ui_ACH_LEVEL_decs,REACH_LEVEL,60.00,0,1:60000;3:80,0,,,ACH_LEVEL,12,12
ACH_LEVEL_T13,ACHIEVEMENT,ACH_LEVEL_T14,ui_ACH_LEVEL_title,ui_ACH_LEVEL_decs,REACH_LEVEL,65.00,0,1:65000;3:85,0,,,ACH_LEVEL,13,13
ACH_LEVEL_T14,ACHIEVEMENT,ACH_LEVEL_T15,ui_ACH_LEVEL_title,ui_ACH_LEVEL_decs,REACH_LEVEL,70.00,0,1:70000;3:90,0,,,ACH_LEVEL,14,14
ACH_LEVEL_T15,ACHIEVEMENT,ACH_LEVEL_T16,ui_ACH_LEVEL_title,ui_ACH_LEVEL_decs,REACH_LEVEL,75.00,0,1:75000;3:95,0,,,ACH_LEVEL,15,15
ACH_LEVEL_T16,ACHIEVEMENT,ACH_LEVEL_T17,ui_ACH_LEVEL_title,ui_ACH_LEVEL_decs,REACH_LEVEL,80.00,0,1:80000;3:100,0,,,ACH_LEVEL,16,16
ACH_LEVEL_T17,ACHIEVEMENT,ACH_LEVEL_T18,ui_ACH_LEVEL_title,ui_ACH_LEVEL_decs,REACH_LEVEL,85.00,0,1:85000;3:105,0,,,ACH_LEVEL,17,17
ACH_LEVEL_T18,ACHIEVEMENT,ACH_LEVEL_T19,ui_ACH_LEVEL_title,ui_ACH_LEVEL_decs,REACH_LEVEL,90.00,0,1:90000;3:110,0,,,ACH_LEVEL,18,18
ACH_LEVEL_T19,ACHIEVEMENT,ACH_LEVEL_T20,ui_ACH_LEVEL_title,ui_ACH_LEVEL_decs,REACH_LEVEL,95.00,0,1:95000;3:115,0,,,ACH_LEVEL,19,19
ACH_LEVEL_T20,ACHIEVEMENT,ACH_LEVEL_T21,ui_ACH_LEVEL_title,ui_ACH_LEVEL_decs,REACH_LEVEL,100.00,0,1:100000;3:120;19:1,0,,,ACH_LEVEL,20,20
ACH_LEVEL_T21,ACHIEVEMENT,ACH_LEVEL_T22,ui_ACH_LEVEL_title,ui_ACH_LEVEL_decs,REACH_LEVEL,105.00,0,1:105000;3:125,0,,,ACH_LEVEL,21,21
ACH_LEVEL_T22,ACHIEVEMENT,ACH_LEVEL_T23,ui_ACH_LEVEL_title,ui_ACH_LEVEL_decs,REACH_LEVEL,110.00,0,1:110000;3:130,0,,,ACH_LEVEL,22,22
ACH_LEVEL_T23,ACHIEVEMENT,ACH_LEVEL_T24,ui_ACH_LEVEL_title,ui_ACH_LEVEL_decs,REACH_LEVEL,115.00,0,1:115000;3:135,0,,,ACH_LEVEL,23,23
ACH_LEVEL_T24,ACHIEVEMENT,ACH_LEVEL_T25,ui_ACH_LEVEL_title,ui_ACH_LEVEL_decs,REACH_LEVEL,120.00,0,1:120000;3:140,0,,,ACH_LEVEL,24,24
ACH_LEVEL_T25,ACHIEVEMENT,ACH_LEVEL_T26,ui_ACH_LEVEL_title,ui_ACH_LEVEL_decs,REACH_LEVEL,125.00,0,1:125000;3:145,0,,,ACH_LEVEL,25,25
ACH_LEVEL_T26,ACHIEVEMENT,ACH_LEVEL_T27,ui_ACH_LEVEL_title,ui_ACH_LEVEL_decs,REACH_LEVEL,130.00,0,1:130000;3:150,0,,,ACH_LEVEL,26,26
ACH_LEVEL_T27,ACHIEVEMENT,ACH_LEVEL_T28,ui_ACH_LEVEL_title,ui_ACH_LEVEL_decs,REACH_LEVEL,135.00,0,1:135000;3:155,0,,,ACH_LEVEL,27,27
ACH_LEVEL_T28,ACHIEVEMENT,ACH_LEVEL_T29,ui_ACH_LEVEL_title,ui_ACH_LEVEL_decs,REACH_LEVEL,140.00,0,1:140000;3:160,0,,,ACH_LEVEL,28,28
ACH_LEVEL_T29,ACHIEVEMENT,ACH_LEVEL_T30,ui_ACH_LEVEL_title,ui_ACH_LEVEL_decs,REACH_LEVEL,145.00,0,1:145000;3:165,0,,,ACH_LEVEL,29,29
ACH_LEVEL_T30,ACHIEVEMENT,ACH_LEVEL_T31,ui_ACH_LEVEL_title,ui_ACH_LEVEL_decs,REACH_LEVEL,150.00,0,1:150000;3:170;19:1,0,,,ACH_LEVEL,30,30
ACH_LEVEL_T31,ACHIEVEMENT,ACH_LEVEL_T32,ui_ACH_LEVEL_title,ui_ACH_LEVEL_decs,REACH_LEVEL,155.00,0,1:155000;3:175,0,,,ACH_LEVEL,31,31
ACH_LEVEL_T32,ACHIEVEMENT,ACH_LEVEL_T33,ui_ACH_LEVEL_title,ui_ACH_LEVEL_decs,REACH_LEVEL,160.00,0,1:160000;3:180,0,,,ACH_LEVEL,32,32
ACH_LEVEL_T33,ACHIEVEMENT,ACH_LEVEL_T34,ui_ACH_LEVEL_title,ui_ACH_LEVEL_decs,REACH_LEVEL,165.00,0,1:165000;3:185,0,,,ACH_LEVEL,33,33
ACH_LEVEL_T34,ACHIEVEMENT,ACH_LEVEL_T35,ui_ACH_LEVEL_title,ui_ACH_LEVEL_decs,REACH_LEVEL,170.00,0,1:170000;3:190,0,,,ACH_LEVEL,34,34
ACH_LEVEL_T35,ACHIEVEMENT,ACH_LEVEL_T36,ui_ACH_LEVEL_title,ui_ACH_LEVEL_decs,REACH_LEVEL,175.00,0,1:175000;3:195,0,,,ACH_LEVEL,35,35
ACH_LEVEL_T36,ACHIEVEMENT,ACH_LEVEL_T37,ui_ACH_LEVEL_title,ui_ACH_LEVEL_decs,REACH_LEVEL,180.00,0,1:180000;3:200,0,,,ACH_LEVEL,36,36
ACH_LEVEL_T37,ACHIEVEMENT,ACH_LEVEL_T38,ui_ACH_LEVEL_title,ui_ACH_LEVEL_decs,REACH_LEVEL,185.00,0,1:185000;3:205,0,,,ACH_LEVEL,37,37
ACH_LEVEL_T38,ACHIEVEMENT,ACH_LEVEL_T39,ui_ACH_LEVEL_title,ui_ACH_LEVEL_decs,REACH_LEVEL,190.00,0,1:190000;3:210,0,,,ACH_LEVEL,38,38
ACH_LEVEL_T39,ACHIEVEMENT,ACH_LEVEL_T40,ui_ACH_LEVEL_title,ui_ACH_LEVEL_decs,REACH_LEVEL,195.00,0,1:195000;3:215,0,,,ACH_LEVEL,39,39
ACH_LEVEL_T40,ACHIEVEMENT,ACH_ARENA_T1,ui_ACH_LEVEL_title,ui_ACH_LEVEL_decs,REACH_LEVEL,200.00,0,1:200000;3:220;19:1,0,,,ACH_LEVEL,40,40
ACH_ARENA_T1,ACHIEVEMENT,ACH_ARENA_T2,ui_ACH_ARENA_title,ui_ACH_ARENA_decs,ARENA_WIN,1.00,0,22:20,0,,,ACH_ARENA,1,1
ACH_ARENA_T2,ACHIEVEMENT,ACH_ARENA_T3,ui_ACH_ARENA_title,ui_ACH_ARENA_decs,ARENA_WIN,5.00,0,22:40,0,,,ACH_ARENA,2,2
ACH_ARENA_T3,ACHIEVEMENT,ACH_ARENA_T4,ui_ACH_ARENA_title,ui_ACH_ARENA_decs,ARENA_WIN,10.00,0,22:60,0,,,ACH_ARENA,3,3
ACH_ARENA_T4,ACHIEVEMENT,ACH_ARENA_T5,ui_ACH_ARENA_title,ui_ACH_ARENA_decs,ARENA_WIN,25.00,0,22:80,0,,,ACH_ARENA,4,4
ACH_ARENA_T5,ACHIEVEMENT,ACH_ARENA_T6,ui_ACH_ARENA_title,ui_ACH_ARENA_decs,ARENA_WIN,50.00,0,22:100,0,,,ACH_ARENA,5,5
ACH_ARENA_T6,ACHIEVEMENT,ACH_ARENA_T7,ui_ACH_ARENA_title,ui_ACH_ARENA_decs,ARENA_WIN,75.00,0,22:120,0,,,ACH_ARENA,6,6
ACH_ARENA_T7,ACHIEVEMENT,ACH_ARENA_T8,ui_ACH_ARENA_title,ui_ACH_ARENA_decs,ARENA_WIN,100.00,0,22:140;3:120,0,,,ACH_ARENA,7,7
ACH_ARENA_T8,ACHIEVEMENT,ACH_ARENA_T9,ui_ACH_ARENA_title,ui_ACH_ARENA_decs,ARENA_WIN,150.00,0,22:160;3:130,0,,,ACH_ARENA,8,8
ACH_ARENA_T9,ACHIEVEMENT,ACH_ARENA_T10,ui_ACH_ARENA_title,ui_ACH_ARENA_decs,ARENA_WIN,250.00,0,22:180;3:140,0,,,ACH_ARENA,9,9
ACH_ARENA_T10,ACHIEVEMENT,ACH_ARENA_T11,ui_ACH_ARENA_title,ui_ACH_ARENA_decs,ARENA_WIN,400.00,0,22:200;3:150,0,,,ACH_ARENA,10,10
ACH_ARENA_T11,ACHIEVEMENT,ACH_ARENA_T12,ui_ACH_ARENA_title,ui_ACH_ARENA_decs,ARENA_WIN,500.00,0,22:220;3:160,0,,,ACH_ARENA,11,11
ACH_ARENA_T12,ACHIEVEMENT,ACH_ARENA_T13,ui_ACH_ARENA_title,ui_ACH_ARENA_decs,ARENA_WIN,750.00,0,22:240;3:170,0,,,ACH_ARENA,12,12
ACH_ARENA_T13,ACHIEVEMENT,ACH_ARENA_T14,ui_ACH_ARENA_title,ui_ACH_ARENA_decs,ARENA_WIN,1000.00,0,22:260;3:180,0,,,ACH_ARENA,13,13
ACH_ARENA_T14,ACHIEVEMENT,ACH_ARENA_T15,ui_ACH_ARENA_title,ui_ACH_ARENA_decs,ARENA_WIN,1500.00,0,22:280;3:190,0,,,ACH_ARENA,14,14
ACH_ARENA_T15,ACHIEVEMENT,ACH_ARENA_T16,ui_ACH_ARENA_title,ui_ACH_ARENA_decs,ARENA_WIN,2000.00,0,22:300;3:200,0,,,ACH_ARENA,15,15
ACH_ARENA_T16,ACHIEVEMENT,ACH_DUNGEON_T1,ui_ACH_ARENA_title,ui_ACH_ARENA_decs,ARENA_WIN,3000.00,0,22:320;3:210,0,,,ACH_ARENA,16,16
ACH_DUNGEON_T1,ACHIEVEMENT,ACH_DUNGEON_T2,ui_ACH_DUNGEON_title,ui_ACH_DUNGEON_decs,DUNGEON_CLEAR,1.00,0,22:2;27:1,0,,,ACH_DUNGEON,1,1
ACH_DUNGEON_T2,ACHIEVEMENT,ACH_DUNGEON_T3,ui_ACH_DUNGEON_title,ui_ACH_DUNGEON_decs,DUNGEON_CLEAR,5.00,0,22:4;27:2,0,,,ACH_DUNGEON,2,2
ACH_DUNGEON_T3,ACHIEVEMENT,ACH_DUNGEON_T4,ui_ACH_DUNGEON_title,ui_ACH_DUNGEON_decs,DUNGEON_CLEAR,10.00,0,22:6;27:3,0,,,ACH_DUNGEON,3,3
ACH_DUNGEON_T4,ACHIEVEMENT,ACH_DUNGEON_T5,ui_ACH_DUNGEON_title,ui_ACH_DUNGEON_decs,DUNGEON_CLEAR,25.00,0,22:8;27:4,0,,,ACH_DUNGEON,4,4
ACH_DUNGEON_T5,ACHIEVEMENT,ACH_DUNGEON_T6,ui_ACH_DUNGEON_title,ui_ACH_DUNGEON_decs,DUNGEON_CLEAR,50.00,0,22:10;27:5,0,,,ACH_DUNGEON,5,5
ACH_DUNGEON_T6,ACHIEVEMENT,ACH_DUNGEON_T7,ui_ACH_DUNGEON_title,ui_ACH_DUNGEON_decs,DUNGEON_CLEAR,75.00,0,22:12;27:6,0,,,ACH_DUNGEON,6,6
ACH_DUNGEON_T7,ACHIEVEMENT,ACH_DUNGEON_T8,ui_ACH_DUNGEON_title,ui_ACH_DUNGEON_decs,DUNGEON_CLEAR,100.00,0,22:14;27:7;19:1,0,,,ACH_DUNGEON,7,7
ACH_DUNGEON_T8,ACHIEVEMENT,ACH_DUNGEON_T9,ui_ACH_DUNGEON_title,ui_ACH_DUNGEON_decs,DUNGEON_CLEAR,150.00,0,22:16;27:8;19:1,0,,,ACH_DUNGEON,8,8
ACH_DUNGEON_T9,ACHIEVEMENT,ACH_DUNGEON_T10,ui_ACH_DUNGEON_title,ui_ACH_DUNGEON_decs,DUNGEON_CLEAR,250.00,0,22:18;27:9;19:1,0,,,ACH_DUNGEON,9,9
ACH_DUNGEON_T10,ACHIEVEMENT,ACH_DUNGEON_T11,ui_ACH_DUNGEON_title,ui_ACH_DUNGEON_decs,DUNGEON_CLEAR,400.00,0,22:20;27:10;19:1,0,,,ACH_DUNGEON,10,10
ACH_DUNGEON_T11,ACHIEVEMENT,ACH_DUNGEON_T12,ui_ACH_DUNGEON_title,ui_ACH_DUNGEON_decs,DUNGEON_CLEAR,500.00,0,22:22;27:11;19:1,0,,,ACH_DUNGEON,11,11
ACH_DUNGEON_T12,ACHIEVEMENT,ACH_DUNGEON_T13,ui_ACH_DUNGEON_title,ui_ACH_DUNGEON_decs,DUNGEON_CLEAR,750.00,0,22:24;27:12;19:1,0,,,ACH_DUNGEON,12,12
ACH_DUNGEON_T13,ACHIEVEMENT,ACH_DUNGEON_T14,ui_ACH_DUNGEON_title,ui_ACH_DUNGEON_decs,DUNGEON_CLEAR,1000.00,0,22:26;27:13;19:1,0,,,ACH_DUNGEON,13,13
ACH_DUNGEON_T14,ACHIEVEMENT,ACH_SKILL_T1,ui_ACH_DUNGEON_title,ui_ACH_DUNGEON_decs,DUNGEON_CLEAR,1500.00,0,22:28;27:14;19:1,0,,,ACH_DUNGEON,14,14
ACH_SKILL_T1,ACHIEVEMENT,ACH_SKILL_T2,ui_ACH_SKILL_title,ui_ACH_SKILL_decs,SKILL_UPGRADE,10.00,0,1:5000,0,,,ACH_SKILL,1,1
ACH_SKILL_T2,ACHIEVEMENT,ACH_SKILL_T3,ui_ACH_SKILL_title,ui_ACH_SKILL_decs,SKILL_UPGRADE,25.00,0,1:10000,0,,,ACH_SKILL,2,2
ACH_SKILL_T3,ACHIEVEMENT,ACH_SKILL_T4,ui_ACH_SKILL_title,ui_ACH_SKILL_decs,SKILL_UPGRADE,50.00,0,1:15000,0,,,ACH_SKILL,3,3
ACH_SKILL_T4,ACHIEVEMENT,ACH_SKILL_T5,ui_ACH_SKILL_title,ui_ACH_SKILL_decs,SKILL_UPGRADE,100.00,0,1:20000,0,,,ACH_SKILL,4,4
ACH_SKILL_T5,ACHIEVEMENT,ACH_SKILL_T6,ui_ACH_SKILL_title,ui_ACH_SKILL_decs,SKILL_UPGRADE,200.00,0,1:25000,0,,,ACH_SKILL,5,5
ACH_SKILL_T6,ACHIEVEMENT,ACH_SKILL_T7,ui_ACH_SKILL_title,ui_ACH_SKILL_decs,SKILL_UPGRADE,350.00,0,1:30000,0,,,ACH_SKILL,6,6
ACH_SKILL_T7,ACHIEVEMENT,ACH_SKILL_T8,ui_ACH_SKILL_title,ui_ACH_SKILL_decs,SKILL_UPGRADE,500.00,0,1:35000;3:210,0,,,ACH_SKILL,7,7
ACH_SKILL_T8,ACHIEVEMENT,ACH_SKILL_T9,ui_ACH_SKILL_title,ui_ACH_SKILL_decs,SKILL_UPGRADE,750.00,0,1:40000;3:240,0,,,ACH_SKILL,8,8
ACH_SKILL_T9,ACHIEVEMENT,ACH_SKILL_T10,ui_ACH_SKILL_title,ui_ACH_SKILL_decs,SKILL_UPGRADE,1000.00,0,1:45000;3:270,0,,,ACH_SKILL,9,9
ACH_SKILL_T10,ACHIEVEMENT,ACH_SKILL_T11,ui_ACH_SKILL_title,ui_ACH_SKILL_decs,SKILL_UPGRADE,1500.00,0,1:50000;3:300,0,,,ACH_SKILL,10,10
ACH_SKILL_T11,ACHIEVEMENT,ACH_SKILL_T12,ui_ACH_SKILL_title,ui_ACH_SKILL_decs,SKILL_UPGRADE,2000.00,0,1:55000;3:330,0,,,ACH_SKILL,11,11
ACH_SKILL_T12,ACHIEVEMENT,ACH_HEROLV_T1,ui_ACH_SKILL_title,ui_ACH_SKILL_decs,SKILL_UPGRADE,3000.00,0,1:60000;3:360,0,,,ACH_SKILL,12,12
ACH_HEROLV_T1,ACHIEVEMENT,ACH_HEROLV_T2,ui_ACH_HEROLV_title,ui_ACH_HEROLV_decs,HERO_LEVELUP,10.00,0,1:3000;48:500,0,,,ACH_HEROLV,1,1
ACH_HEROLV_T2,ACHIEVEMENT,ACH_HEROLV_T3,ui_ACH_HEROLV_title,ui_ACH_HEROLV_decs,HERO_LEVELUP,25.00,0,1:6000;48:1000,0,,,ACH_HEROLV,2,2
ACH_HEROLV_T3,ACHIEVEMENT,ACH_HEROLV_T4,ui_ACH_HEROLV_title,ui_ACH_HEROLV_decs,HERO_LEVELUP,50.00,0,1:9000;48:1500,0,,,ACH_HEROLV,3,3
ACH_HEROLV_T4,ACHIEVEMENT,ACH_HEROLV_T5,ui_ACH_HEROLV_title,ui_ACH_HEROLV_decs,HERO_LEVELUP,100.00,0,1:12000;48:2000,0,,,ACH_HEROLV,4,4
ACH_HEROLV_T5,ACHIEVEMENT,ACH_HEROLV_T6,ui_ACH_HEROLV_title,ui_ACH_HEROLV_decs,HERO_LEVELUP,250.00,0,1:15000;48:2500,0,,,ACH_HEROLV,5,5
ACH_HEROLV_T6,ACHIEVEMENT,ACH_HEROLV_T7,ui_ACH_HEROLV_title,ui_ACH_HEROLV_decs,HERO_LEVELUP,500.00,0,1:18000;48:3000,0,,,ACH_HEROLV,6,6
ACH_HEROLV_T7,ACHIEVEMENT,ACH_HEROLV_T8,ui_ACH_HEROLV_title,ui_ACH_HEROLV_decs,HERO_LEVELUP,750.00,0,1:21000;48:3500,0,,,ACH_HEROLV,7,7
ACH_HEROLV_T8,ACHIEVEMENT,ACH_HEROLV_T9,ui_ACH_HEROLV_title,ui_ACH_HEROLV_decs,HERO_LEVELUP,1000.00,0,1:24000;48:4000;19:1,0,,,ACH_HEROLV,8,8
ACH_HEROLV_T9,ACHIEVEMENT,ACH_HEROLV_T10,ui_ACH_HEROLV_title,ui_ACH_HEROLV_decs,HERO_LEVELUP,1500.00,0,1:27000;48:4500;19:1,0,,,ACH_HEROLV,9,9
ACH_HEROLV_T10,ACHIEVEMENT,ACH_HEROLV_T11,ui_ACH_HEROLV_title,ui_ACH_HEROLV_decs,HERO_LEVELUP,2500.00,0,1:30000;48:5000;19:1,0,,,ACH_HEROLV,10,10
ACH_HEROLV_T11,ACHIEVEMENT,ACH_HEROLV_T12,ui_ACH_HEROLV_title,ui_ACH_HEROLV_decs,HERO_LEVELUP,5000.00,0,1:33000;48:5500;19:1,0,,,ACH_HEROLV,11,11
ACH_HEROLV_T12,ACHIEVEMENT,ACH_HEROLV_T13,ui_ACH_HEROLV_title,ui_ACH_HEROLV_decs,HERO_LEVELUP,7500.00,0,1:36000;48:6000;19:1,0,,,ACH_HEROLV,12,12
ACH_HEROLV_T13,ACHIEVEMENT,ACH_IDLE_T1,ui_ACH_HEROLV_title,ui_ACH_HEROLV_decs,HERO_LEVELUP,10000.00,0,1:39000;48:6500;19:1,0,,,ACH_HEROLV,13,13
ACH_IDLE_T1,ACHIEVEMENT,ACH_IDLE_T2,ui_ACH_IDLE_title,ui_ACH_IDLE_decs,CLAIM_IDLE,5.00,0,1:2000;3:10,0,,,ACH_IDLE,1,1
ACH_IDLE_T2,ACHIEVEMENT,ACH_IDLE_T3,ui_ACH_IDLE_title,ui_ACH_IDLE_decs,CLAIM_IDLE,15.00,0,1:4000;3:20,0,,,ACH_IDLE,2,2
ACH_IDLE_T3,ACHIEVEMENT,ACH_IDLE_T4,ui_ACH_IDLE_title,ui_ACH_IDLE_decs,CLAIM_IDLE,25.00,0,1:6000;3:30,0,,,ACH_IDLE,3,3
ACH_IDLE_T4,ACHIEVEMENT,ACH_IDLE_T5,ui_ACH_IDLE_title,ui_ACH_IDLE_decs,CLAIM_IDLE,50.00,0,1:8000;3:40,0,,,ACH_IDLE,4,4
ACH_IDLE_T5,ACHIEVEMENT,ACH_IDLE_T6,ui_ACH_IDLE_title,ui_ACH_IDLE_decs,CLAIM_IDLE,100.00,0,1:10000;3:50,0,,,ACH_IDLE,5,5
ACH_IDLE_T6,ACHIEVEMENT,ACH_IDLE_T7,ui_ACH_IDLE_title,ui_ACH_IDLE_decs,CLAIM_IDLE,200.00,0,1:12000;3:60,0,,,ACH_IDLE,6,6
ACH_IDLE_T7,ACHIEVEMENT,ACH_IDLE_T8,ui_ACH_IDLE_title,ui_ACH_IDLE_decs,CLAIM_IDLE,350.00,0,1:14000;3:70,0,,,ACH_IDLE,7,7
ACH_IDLE_T8,ACHIEVEMENT,ACH_IDLE_T9,ui_ACH_IDLE_title,ui_ACH_IDLE_decs,CLAIM_IDLE,500.00,0,1:16000;3:80,0,,,ACH_IDLE,8,8
ACH_IDLE_T9,ACHIEVEMENT,ACH_IDLE_T10,ui_ACH_IDLE_title,ui_ACH_IDLE_decs,CLAIM_IDLE,750.00,0,1:18000;3:90,0,,,ACH_IDLE,9,9
ACH_IDLE_T10,ACHIEVEMENT,ACH_IDLE_T11,ui_ACH_IDLE_title,ui_ACH_IDLE_decs,CLAIM_IDLE,1000.00,0,1:20000;3:100,0,,,ACH_IDLE,10,10
ACH_IDLE_T11,ACHIEVEMENT,ACH_FORGE_T1,ui_ACH_IDLE_title,ui_ACH_IDLE_decs,CLAIM_IDLE,1500.00,0,1:22000;3:110,0,,,ACH_IDLE,11,11
ACH_FORGE_T1,ACHIEVEMENT,ACH_FORGE_T2,ui_ACH_FORGE_title,ui_ACH_FORGE_decs,FORGE_GEAR,10.00,0,43:10,0,,,ACH_FORGE,1,1
ACH_FORGE_T2,ACHIEVEMENT,ACH_FORGE_T3,ui_ACH_FORGE_title,ui_ACH_FORGE_decs,FORGE_GEAR,25.00,0,43:20,0,,,ACH_FORGE,2,2
ACH_FORGE_T3,ACHIEVEMENT,ACH_FORGE_T4,ui_ACH_FORGE_title,ui_ACH_FORGE_decs,FORGE_GEAR,50.00,0,43:30,0,,,ACH_FORGE,3,3
ACH_FORGE_T4,ACHIEVEMENT,ACH_FORGE_T5,ui_ACH_FORGE_title,ui_ACH_FORGE_decs,FORGE_GEAR,100.00,0,43:40,0,,,ACH_FORGE,4,4
ACH_FORGE_T5,ACHIEVEMENT,ACH_FORGE_T6,ui_ACH_FORGE_title,ui_ACH_FORGE_decs,FORGE_GEAR,200.00,0,43:50,0,,,ACH_FORGE,5,5
ACH_FORGE_T6,ACHIEVEMENT,ACH_FORGE_T7,ui_ACH_FORGE_title,ui_ACH_FORGE_decs,FORGE_GEAR,350.00,0,43:60,0,,,ACH_FORGE,6,6
ACH_FORGE_T7,ACHIEVEMENT,ACH_FORGE_T8,ui_ACH_FORGE_title,ui_ACH_FORGE_decs,FORGE_GEAR,500.00,0,43:70;27:35,0,,,ACH_FORGE,7,7
ACH_FORGE_T8,ACHIEVEMENT,ACH_FORGE_T9,ui_ACH_FORGE_title,ui_ACH_FORGE_decs,FORGE_GEAR,750.00,0,43:80;27:40,0,,,ACH_FORGE,8,8
ACH_FORGE_T9,ACHIEVEMENT,ACH_FORGE_T10,ui_ACH_FORGE_title,ui_ACH_FORGE_decs,FORGE_GEAR,1000.00,0,43:90;27:45,0,,,ACH_FORGE,9,9
ACH_FORGE_T10,ACHIEVEMENT,ACH_FORGE_T11,ui_ACH_FORGE_title,ui_ACH_FORGE_decs,FORGE_GEAR,1500.00,0,43:100;27:50,0,,,ACH_FORGE,10,10
ACH_FORGE_T11,ACHIEVEMENT,ACH_TRANSMUTE_T1,ui_ACH_FORGE_title,ui_ACH_FORGE_decs,FORGE_GEAR,2000.00,0,43:110;27:55,0,,,ACH_FORGE,11,11
ACH_TRANSMUTE_T1,ACHIEVEMENT,ACH_TRANSMUTE_T2,ui_ACH_TRANSMUTE_title,ui_ACH_TRANSMUTE_decs,TRANSMUTE_GEAR,5.00,0,27:5,0,,,ACH_TRANSMUTE,1,1
ACH_TRANSMUTE_T2,ACHIEVEMENT,ACH_TRANSMUTE_T3,ui_ACH_TRANSMUTE_title,ui_ACH_TRANSMUTE_decs,TRANSMUTE_GEAR,15.00,0,27:10,0,,,ACH_TRANSMUTE,2,2
ACH_TRANSMUTE_T3,ACHIEVEMENT,ACH_TRANSMUTE_T4,ui_ACH_TRANSMUTE_title,ui_ACH_TRANSMUTE_decs,TRANSMUTE_GEAR,25.00,0,27:15,0,,,ACH_TRANSMUTE,3,3
ACH_TRANSMUTE_T4,ACHIEVEMENT,ACH_TRANSMUTE_T5,ui_ACH_TRANSMUTE_title,ui_ACH_TRANSMUTE_decs,TRANSMUTE_GEAR,50.00,0,27:20,0,,,ACH_TRANSMUTE,4,4
ACH_TRANSMUTE_T5,ACHIEVEMENT,ACH_TRANSMUTE_T6,ui_ACH_TRANSMUTE_title,ui_ACH_TRANSMUTE_decs,TRANSMUTE_GEAR,100.00,0,27:25;19:1,0,,,ACH_TRANSMUTE,5,5
ACH_TRANSMUTE_T6,ACHIEVEMENT,ACH_TRANSMUTE_T7,ui_ACH_TRANSMUTE_title,ui_ACH_TRANSMUTE_decs,TRANSMUTE_GEAR,200.00,0,27:30;19:1,0,,,ACH_TRANSMUTE,6,6
ACH_TRANSMUTE_T7,ACHIEVEMENT,ACH_TRANSMUTE_T8,ui_ACH_TRANSMUTE_title,ui_ACH_TRANSMUTE_decs,TRANSMUTE_GEAR,350.00,0,27:35;19:1,0,,,ACH_TRANSMUTE,7,7
ACH_TRANSMUTE_T8,ACHIEVEMENT,ACH_TRANSMUTE_T9,ui_ACH_TRANSMUTE_title,ui_ACH_TRANSMUTE_decs,TRANSMUTE_GEAR,500.00,0,27:40;19:1,0,,,ACH_TRANSMUTE,8,8
ACH_TRANSMUTE_T9,ACHIEVEMENT,ACH_DAILYDONE_T1,ui_ACH_TRANSMUTE_title,ui_ACH_TRANSMUTE_decs,TRANSMUTE_GEAR,750.00,0,27:45;19:1,0,,,ACH_TRANSMUTE,9,9
ACH_DAILYDONE_T1,ACHIEVEMENT,ACH_DAILYDONE_T2,ui_ACH_DAILYDONE_title,ui_ACH_DAILYDONE_decs,COMPLETE_DAILY,10.00,0,3:50,0,,,ACH_DAILYDONE,1,1
ACH_DAILYDONE_T2,ACHIEVEMENT,ACH_DAILYDONE_T3,ui_ACH_DAILYDONE_title,ui_ACH_DAILYDONE_decs,COMPLETE_DAILY,25.00,0,3:100,0,,,ACH_DAILYDONE,2,2
ACH_DAILYDONE_T3,ACHIEVEMENT,ACH_DAILYDONE_T4,ui_ACH_DAILYDONE_title,ui_ACH_DAILYDONE_decs,COMPLETE_DAILY,50.00,0,3:150,0,,,ACH_DAILYDONE,3,3
ACH_DAILYDONE_T4,ACHIEVEMENT,ACH_DAILYDONE_T5,ui_ACH_DAILYDONE_title,ui_ACH_DAILYDONE_decs,COMPLETE_DAILY,100.00,0,3:200,0,,,ACH_DAILYDONE,4,4
ACH_DAILYDONE_T5,ACHIEVEMENT,ACH_DAILYDONE_T6,ui_ACH_DAILYDONE_title,ui_ACH_DAILYDONE_decs,COMPLETE_DAILY,200.00,0,3:250,0,,,ACH_DAILYDONE,5,5
ACH_DAILYDONE_T6,ACHIEVEMENT,ACH_DAILYDONE_T7,ui_ACH_DAILYDONE_title,ui_ACH_DAILYDONE_decs,COMPLETE_DAILY,350.00,0,3:300,0,,,ACH_DAILYDONE,6,6
ACH_DAILYDONE_T7,ACHIEVEMENT,ACH_DAILYDONE_T8,ui_ACH_DAILYDONE_title,ui_ACH_DAILYDONE_decs,COMPLETE_DAILY,500.00,0,3:350;20:1,0,,,ACH_DAILYDONE,7,7
ACH_DAILYDONE_T8,ACHIEVEMENT,ACH_DAILYDONE_T9,ui_ACH_DAILYDONE_title,ui_ACH_DAILYDONE_decs,COMPLETE_DAILY,750.00,0,3:400;20:1,0,,,ACH_DAILYDONE,8,8
ACH_DAILYDONE_T9,ACHIEVEMENT,ACH_USEGOLD_T1,ui_ACH_DAILYDONE_title,ui_ACH_DAILYDONE_decs,COMPLETE_DAILY,1000.00,0,3:450;20:1,0,,,ACH_DAILYDONE,9,9
ACH_USEGOLD_T1,ACHIEVEMENT,ACH_USEGOLD_T2,ui_ACH_USEGOLD_title,ui_ACH_USEGOLD_decs,USE_GOLD,10000.00,0,3:30,0,,,ACH_USEGOLD,1,1
ACH_USEGOLD_T2,ACHIEVEMENT,ACH_USEGOLD_T3,ui_ACH_USEGOLD_title,ui_ACH_USEGOLD_decs,USE_GOLD,50000.00,0,3:60,0,,,ACH_USEGOLD,2,2
ACH_USEGOLD_T3,ACHIEVEMENT,ACH_USEGOLD_T4,ui_ACH_USEGOLD_title,ui_ACH_USEGOLD_decs,USE_GOLD,100000.00,0,3:90,0,,,ACH_USEGOLD,3,3
ACH_USEGOLD_T4,ACHIEVEMENT,ACH_USEGOLD_T5,ui_ACH_USEGOLD_title,ui_ACH_USEGOLD_decs,USE_GOLD,500000.00,0,3:120,0,,,ACH_USEGOLD,4,4
ACH_USEGOLD_T5,ACHIEVEMENT,ACH_USEGOLD_T6,ui_ACH_USEGOLD_title,ui_ACH_USEGOLD_decs,USE_GOLD,1000000.00,0,3:150,0,,,ACH_USEGOLD,5,5
ACH_USEGOLD_T6,ACHIEVEMENT,ACH_USEGOLD_T7,ui_ACH_USEGOLD_title,ui_ACH_USEGOLD_decs,USE_GOLD,2500000.00,0,3:180,0,,,ACH_USEGOLD,6,6
ACH_USEGOLD_T7,ACHIEVEMENT,ACH_USEGOLD_T8,ui_ACH_USEGOLD_title,ui_ACH_USEGOLD_decs,USE_GOLD,5000000.00,0,3:210,0,,,ACH_USEGOLD,7,7
ACH_USEGOLD_T8,ACHIEVEMENT,ACH_USEGOLD_T9,ui_ACH_USEGOLD_title,ui_ACH_USEGOLD_decs,USE_GOLD,10000000.00,0,3:240,0,,,ACH_USEGOLD,8,8
ACH_USEGOLD_T9,ACHIEVEMENT,ACH_USEGOLD_T10,ui_ACH_USEGOLD_title,ui_ACH_USEGOLD_decs,USE_GOLD,25000000.00,0,3:270,0,,,ACH_USEGOLD,9,9
ACH_USEGOLD_T10,ACHIEVEMENT,ACH_USEGOLD_T11,ui_ACH_USEGOLD_title,ui_ACH_USEGOLD_decs,USE_GOLD,50000000.00,0,3:300,0,,,ACH_USEGOLD,10,10
ACH_USEGOLD_T11,ACHIEVEMENT,ACH_EQUIP_T1,ui_ACH_USEGOLD_title,ui_ACH_USEGOLD_decs,USE_GOLD,100000000.00,0,3:330,0,,,ACH_USEGOLD,11,11
ACH_EQUIP_T1,ACHIEVEMENT,ACH_EQUIP_T2,ui_ACH_EQUIP_title,ui_ACH_EQUIP_decs,EQUIP_ITEM,1.00,0,1:1000,0,,,ACH_EQUIP,1,1
ACH_EQUIP_T2,ACHIEVEMENT,ACH_EQUIP_T3,ui_ACH_EQUIP_title,ui_ACH_EQUIP_decs,EQUIP_ITEM,5.00,0,1:2000,0,,,ACH_EQUIP,2,2
ACH_EQUIP_T3,ACHIEVEMENT,ACH_EQUIP_T4,ui_ACH_EQUIP_title,ui_ACH_EQUIP_decs,EQUIP_ITEM,10.00,0,1:3000,0,,,ACH_EQUIP,3,3
ACH_EQUIP_T4,ACHIEVEMENT,ACH_EQUIP_T5,ui_ACH_EQUIP_title,ui_ACH_EQUIP_decs,EQUIP_ITEM,25.00,0,1:4000,0,,,ACH_EQUIP,4,4
ACH_EQUIP_T5,ACHIEVEMENT,ACH_EQUIP_T6,ui_ACH_EQUIP_title,ui_ACH_EQUIP_decs,EQUIP_ITEM,50.00,0,1:5000,0,,,ACH_EQUIP,5,5
ACH_EQUIP_T6,ACHIEVEMENT,ACH_EQUIP_T7,ui_ACH_EQUIP_title,ui_ACH_EQUIP_decs,EQUIP_ITEM,100.00,0,1:6000;43:60,0,,,ACH_EQUIP,6,6
ACH_EQUIP_T7,ACHIEVEMENT,ACH_EQUIP_T8,ui_ACH_EQUIP_title,ui_ACH_EQUIP_decs,EQUIP_ITEM,200.00,0,1:7000;43:70,0,,,ACH_EQUIP,7,7
ACH_EQUIP_T8,ACHIEVEMENT,ACH_EQUIP_T9,ui_ACH_EQUIP_title,ui_ACH_EQUIP_decs,EQUIP_ITEM,350.00,0,1:8000;43:80,0,,,ACH_EQUIP,8,8
ACH_EQUIP_T9,ACHIEVEMENT,ACH_WEEKLYDONE_T1,ui_ACH_EQUIP_title,ui_ACH_EQUIP_decs,EQUIP_ITEM,500.00,0,1:9000;43:90,0,,,ACH_EQUIP,9,9
ACH_WEEKLYDONE_T1,ACHIEVEMENT,ACH_WEEKLYDONE_T2,ui_ACH_WEEKLYDONE_title,ui_ACH_WEEKLYDONE_decs,COMPLETE_WEEKLY,1.00,0,3:100,0,,,ACH_WEEKLYDONE,1,1
ACH_WEEKLYDONE_T2,ACHIEVEMENT,ACH_WEEKLYDONE_T3,ui_ACH_WEEKLYDONE_title,ui_ACH_WEEKLYDONE_decs,COMPLETE_WEEKLY,5.00,0,3:200,0,,,ACH_WEEKLYDONE,2,2
ACH_WEEKLYDONE_T3,ACHIEVEMENT,ACH_WEEKLYDONE_T4,ui_ACH_WEEKLYDONE_title,ui_ACH_WEEKLYDONE_decs,COMPLETE_WEEKLY,10.00,0,3:300,0,,,ACH_WEEKLYDONE,3,3
ACH_WEEKLYDONE_T4,ACHIEVEMENT,ACH_WEEKLYDONE_T5,ui_ACH_WEEKLYDONE_title,ui_ACH_WEEKLYDONE_decs,COMPLETE_WEEKLY,25.00,0,3:400,0,,,ACH_WEEKLYDONE,4,4
ACH_WEEKLYDONE_T5,ACHIEVEMENT,ACH_WEEKLYDONE_T6,ui_ACH_WEEKLYDONE_title,ui_ACH_WEEKLYDONE_decs,COMPLETE_WEEKLY,50.00,0,3:500;20:1,0,,,ACH_WEEKLYDONE,5,5
ACH_WEEKLYDONE_T6,ACHIEVEMENT,ACH_WEEKLYDONE_T7,ui_ACH_WEEKLYDONE_title,ui_ACH_WEEKLYDONE_decs,COMPLETE_WEEKLY,100.00,0,3:600;20:1,0,,,ACH_WEEKLYDONE,6,6
ACH_WEEKLYDONE_T7,ACHIEVEMENT,RPT_SUMMON_HERO_100,ui_ACH_WEEKLYDONE_title,ui_ACH_WEEKLYDONE_decs,COMPLETE_WEEKLY,200.00,0,3:700;20:1;21:1,0,,,ACH_WEEKLYDONE,7,7
RPT_SUMMON_HERO_100,REPEAT,,ui_RPT_SUMMON_HERO_title,ui_RPT_SUMMON_HERO_decs,HERO_SUMMON_HERO,100,0,3:100,0,SUMMON,,,0,1
RPT_SUMMON_HERO_500,REPEAT,,ui_RPT_SUMMON_HERO_title,ui_RPT_SUMMON_HERO_decs,HERO_SUMMON_HERO,500,0,3:500,0,SUMMON,,,0,2
RPT_SUMMON_WEAPON_100,REPEAT,,ui_RPT_SUMMON_WEAPON_title,ui_RPT_SUMMON_WEAPON_decs,HERO_SUMMON_WEAPON,100,0,3:100,0,SUMMON,,,0,3
RPT_SUMMON_WEAPON_500,REPEAT,,ui_RPT_SUMMON_WEAPON_title,ui_RPT_SUMMON_WEAPON_decs,HERO_SUMMON_WEAPON,500,0,3:500,0,SUMMON,,,0,4
RPT_SUMMON_SKILL_100,REPEAT,,ui_RPT_SUMMON_SKILL_title,ui_RPT_SUMMON_SKILL_decs,SKILL_UPGRADE,100,0,3:100,0,SKILL,,,0,5
RPT_SUMMON_SKILL_500,REPEAT,,ui_RPT_SUMMON_SKILL_title,ui_RPT_SUMMON_SKILL_decs,SKILL_UPGRADE,500,0,3:500,0,SKILL,,,0,6
RPT_TRANSMUTE_1000,REPEAT,,ui_RPT_TRANSMUTE_title,ui_RPT_TRANSMUTE_decs,TRANSMUTE_GEAR,1000,0,3:50,0,ENHANCE,,,0,7
RPT_TRANSMUTE_5000,REPEAT,,ui_RPT_TRANSMUTE_title,ui_RPT_TRANSMUTE_decs,TRANSMUTE_GEAR,5000,0,3:250,0,ENHANCE,,,0,8
RPT_DUNGEON_4,REPEAT,,ui_RPT_DUNGEON_title,ui_RPT_DUNGEON_decs,DUNGEON_CLEAR,4,0,3:50,0,DUNGEON,,,0,9
RPT_DUNGEON_20,REPEAT,,ui_RPT_DUNGEON_title,ui_RPT_DUNGEON_decs,DUNGEON_CLEAR,20,0,3:250,0,DUNGEON,,,0,10
RPT_PLAY_30,REPEAT,,ui_RPT_PLAY_title,ui_RPT_PLAY_decs,PLAY_TIME,30,0,3:10,0,,,,0,11
RPT_PLAY_120,REPEAT,,ui_RPT_PLAY_title,ui_RPT_PLAY_decs,PLAY_TIME,120,0,3:50,0,,,,0,12
RPT_KILL_1000,REPEAT,,ui_RPT_KILL_title,ui_RPT_KILL_decs,KILL_MONSTER,1000,0,3:30,0,,,,0,13
RPT_KILL_10000,REPEAT,,ui_RPT_KILL_title,ui_RPT_KILL_decs,KILL_MONSTER,10000,0,3:150,0,,,,0,14
RPT_BOSS_50,REPEAT,,ui_RPT_BOSS_title,ui_RPT_BOSS_decs,KILL_BOSS,50,0,3:50,0,,,,0,15
RPT_BOSS_200,REPEAT,,ui_RPT_BOSS_title,ui_RPT_BOSS_decs,KILL_BOSS,200,0,3:200,0,,,,0,16
RPT_ENHANCE_100,REPEAT,,ui_RPT_ENHANCE_title,ui_RPT_ENHANCE_decs,ENHANCE_GEAR,100,0,3:50,0,ENHANCE,,,0,17
RPT_ENHANCE_500,REPEAT,,ui_RPT_ENHANCE_title,ui_RPT_ENHANCE_decs,ENHANCE_GEAR,500,0,3:250,0,ENHANCE,,,0,18
RPT_FORGE_100,REPEAT,,ui_RPT_FORGE_title,ui_RPT_FORGE_decs,FORGE_GEAR,100,0,3:50,0,ENHANCE,,,0,19
RPT_FORGE_500,REPEAT,,ui_RPT_FORGE_title,ui_RPT_FORGE_decs,FORGE_GEAR,500,0,3:250,0,ENHANCE,,,0,20
RPT_ARENA_30,REPEAT,,ui_RPT_ARENA_title,ui_RPT_ARENA_decs,ARENA_WIN,30,0,3:50,0,ARENA,,,0,21
RPT_ARENA_100,REPEAT,,ui_RPT_ARENA_title,ui_RPT_ARENA_decs,ARENA_WIN,100,0,3:200,0,ARENA,,,0,22
RPT_HEROLV_100,REPEAT,,ui_RPT_HEROLV_title,ui_RPT_HEROLV_decs,HERO_LEVELUP,100,0,3:50,0,,,,0,23
RPT_HEROLV_500,REPEAT,,ui_RPT_HEROLV_title,ui_RPT_HEROLV_decs,HERO_LEVELUP,500,0,3:250,0,,,,0,24
RPT_IDLE_20,REPEAT,,ui_RPT_IDLE_title,ui_RPT_IDLE_decs,CLAIM_IDLE,20,0,3:30,0,IDLE_REWARD,,,0,25
RPT_IDLE_100,REPEAT,,ui_RPT_IDLE_title,ui_RPT_IDLE_decs,CLAIM_IDLE,100,0,3:150,0,IDLE_REWARD,,,0,26
RPT_USEGOLD_100K,REPEAT,,ui_RPT_USEGOLD_title,ui_RPT_USEGOLD_decs,USE_GOLD,100000,0,3:30,0,,,,0,27
RPT_USEGOLD_1M,REPEAT,,ui_RPT_USEGOLD_title,ui_RPT_USEGOLD_decs,USE_GOLD,1000000,0,3:150,0,,,,0,28