level,exp_required,exp_cumulative,unlocks
1,100,0,Story Campaign | Hero Level Up | Hero Switching | Idle / Offline Reward
2,120,100,Hero Summon | Basic Shop
3,130,220,Weapon Summon | Daily Attendance
4,150,350,Skill Summon
5,170,500,Daily Quest | Mailbox
6,190,670,Weapon Fusion
7,220,860,Gold Dungeon
8,240,1080,EXP Dungeon
9,270,1320,Friends System
10,310,1590,Gear Transmutation | Achievements
11,340,1900,
12,380,2240,Skill Slot 3 Unlock
13,410,2620,
14,450,3030,Gear Dungeon
15,490,3480,Arena (PvP) | Coupon / Code Redeem
16,530,3970,
17,580,4500,
18,620,5080,Diary (Growth)
19,670,5700,
20,720,6370,Guild | Boss Raid
21,770,7090,
22,820,7860,Guild Raid | Guild Shop
23,870,8680,
24,930,9550,
25,980,10480,Premium Shop
26,1000,11460,
27,1100,12460,
28,1200,13560,Skill Slot 4 Unlock
29,1200,14760,
30,1300,15960,Tower of Trials | World Boss
31,1300,17260,
32,1400,18560,
33,1500,19960,
34,1500,21460,
35,1600,22960,Event Dungeon | Event Shop
36,1700,24560,
37,1700,26260,
38,1800,27960,
39,1900,29760,
40,2000,31660,Ranked Arena
41,2000,33660,
42,2100,35660,
43,2200,37760,
44,2300,39960,
45,2300,42260,Hero Ascension
46,2400,44560,
47,2500,46960,
48,2600,49460,
49,2700,52060,
50,2800,54760,Guild War | Skill Slot 5 Unlock
51,2800,57560,
52,2900,60360,
53,3000,63260,
54,3100,66260,
55,3200,69360,
56,3300,72560,
57,3400,75860,
58,3500,79260,
59,3600,82760,
60,3700,86360,Pet System
61,3700,90060,
62,3800,93760,
63,3900,97560,
64,4000,101460,
65,4100,105460,Pet Summon
66,4200,109560,
67,4300,113760,
68,4400,118060,
69,4500,122460,
70,4600,126960,Rune System
71,4700,131560,
72,4900,136260,
73,5000,141160,
74,5100,146160,
75,5200,151260,
76,5300,156460,
77,5400,161760,
78,5500,167160,
79,5600,172660,
80,5700,178260,Team Arena (3v3)
81,5800,183960,
82,6000,189760,
83,6100,195760,
84,6200,201860,
85,6300,208060,
86,6400,214360,
87,6500,220760,
88,6700,227260,
89,6800,233960,
90,6900,240760,Relic System
91,7000,247660,
92,7100,254660,
93,7300,261760,
94,7400,269060,
95,7500,276460,
96,7600,283960,
97,7800,291560,
98,7900,299360,
99,8000,307260,
100,8100,315260,Guild Global Boss | Infinite Tower
101,8300,323360,
102,8400,331660,
103,8500,340060,
104,8700,348560,
105,8800,357260,
106,8900,366060,
107,9100,374960,
108,9200,384060,
109,9300,393260,
110,9500,402560,
111,9600,412060,
112,9700,421660,
113,9900,431360,
114,10000,441260,
115,10100,451260,
116,10300,461360,
117,10400,471660,
118,10600,482060,
119,10700,492660,
120,10900,503360,Hero Transcendence
121,11000,514260,
122,11100,525260,
123,11300,536360,
124,11400,547660,
125,11600,559060,
126,11700,570660,
127,11900,582360,
128,12000,594260,
129,12200,606260,
130,12300,618460,
131,12500,630760,
132,12600,643260,
133,12800,655860,
134,12900,668660,
135,13100,681560,
136,13200,694660,
137,13400,707860,
138,13500,721260,
139,13700,734760,
140,13900,748460,
141,14000,762360,
142,14200,776360,
143,14300,790560,
144,14500,804860,
145,14700,819360,
146,14800,834060,
147,15000,848860,
148,15100,863860,
149,15300,878960,
150,15500,894260,Abyss Mode
151,15600,909760,
152,15800,925360,
153,16000,941160,
154,16100,957160,
155,16300,973260,
156,16500,989560,
157,16600,1006060,
158,16800,1022660,
159,17000,1039460,
160,17100,1056460,
161,17300,1073560,
162,17500,1090860,
163,17700,1108360,
164,17800,1126060,
165,18000,1143860,
166,18200,1161860,
167,18300,1180060,
168,18500,1198360,
169,18700,1216860,
170,18900,1235560,
171,19100,1254460,
172,19200,1273560,
173,19400,1292760,
174,19600,1312160,
175,19800,1331760,
176,19900,1351560,
177,20100,1371460,
178,20300,1391560,
179,20500,1411860,
180,20700,1432360,Weapon Transcendence
181,20900,1453060,
182,21000,1473960,
183,21200,1494960,
184,21400,1516160,
185,21600,1537560,
186,21800,1559160,
187,22000,1580960,
188,22200,1602960,
189,22400,1625160,
190,22500,1647560,
191,22700,1670060,
192,22900,1692760,
193,23100,1715660,
194,23300,1738760,
195,23500,1762060,
196,23700,1785560,
197,23900,1809260,
198,24100,1833160,
199,24300,1857260,
200,24500,1881560,Mythic Summon | Transcend Dungeon
201,24700,1906060,
202,24900,1930760,
203,25100,1955660,
204,25300,1980760,
205,25400,2006060,
206,25600,2031460,
207,25800,2057060,
208,26000,2082860,
209,26200,2108860,
210,26400,2135060,
211,26700,2161460,
212,26900,2188160,
213,27100,2215060,
214,27300,2242160,
215,27500,2269460,
216,27700,2296960,
217,27900,2324660,
218,28100,2352560,
219,28300,2380660,
220,28500,2408960,
221,28700,2437460,
222,28900,2466160,
223,29100,2495060,
224,29300,2524160,
225,29500,2553460,
226,29700,2582960,
227,30000,2612660,
228,30200,2642660,
229,30400,2672860,
230,30600,2703260,
231,30800,2733860,
232,31000,2764660,
233,31200,2795660,
234,31500,2826860,
235,31700,2858360,
236,31900,2890060,
237,32100,2921960,
238,32300,2954060,
239,32500,2986360,
240,32800,3018860,
241,33000,3051660,
242,33200,3084660,
243,33400,3117860,
244,33600,3151260,
245,33900,3184860,
246,34100,3218760,
247,34300,3252860,
248,34500,3287160,
249,34700,3321660,
250,35000,3356360,Legendary World Boss
251,35200,3391360,
252,35400,3426560,
253,35600,3461960,
254,35900,3497560,
255,36100,3533460,
256,36300,3569560,
257,36600,3605860,
258,36800,3642460,
259,37000,3679260,
260,37200,3716260,
261,37500,3753460,
262,37700,3790960,
263,37900,3828660,
264,38200,3866560,
265,38400,3904760,
266,38600,3943160,
267,38900,3981760,
268,39100,4020660,
269,39300,4059760,
270,39600,4099060,
271,39800,4138660,
272,40000,4178460,
273,40300,4218460,
274,40500,4258760,
275,40800,4299260,
276,41000,4340060,
277,41200,4381060,
278,41500,4422260,
279,41700,4463760,
280,42000,4505460,
281,42200,4547460,
282,42400,4589660,
283,42700,4632060,
284,42900,4674760,
285,43200,4717660,
286,43400,4760860,
287,43700,4804260,
288,43900,4847960,
289,44200,4891860,
290,44400,4936060,
291,44600,4980460,
292,44900,5025060,
293,45100,5069960,
294,45400,5115060,
295,45600,5160460,
296,45900,5206060,
297,46100,5251960,
298,46400,5298060,
299,46600,5344460,
300,46900,5391060,Prestige / Rebirth
301,47100,5437960,
302,47400,5485060,
303,47700,5532460,
304,47900,5580160,
305,48200,5628060,
306,48400,5676260,
307,48700,5724660,
308,48900,5773360,
309,49200,5822260,
310,49400,5871460,
311,49700,5920860,
312,50000,5970560,
313,50200,6020560,
314,50500,6070760,
315,50700,6121260,
316,51000,6171960,
317,51300,6222960,
318,51500,6274260,
319,51800,6325760,
320,52000,6377560,
321,52300,6429560,
322,52600,6481860,
323,52800,6534460,
324,53100,6587260,
325,53400,6640360,
326,53600,6693760,
327,53900,6747360,
328,54200,6801260,
329,54400,6855460,
330,54700,6909860,
331,55000,6964560,
332,55200,7019560,
333,55500,7074760,
334,55800,7130260,
335,56000,7186060,
336,56300,7242060,
337,56600,7298360,
338,56900,7354960,
339,57100,7411860,
340,57400,7468960,
341,57700,7526360,
342,58000,7584060,
343,58200,7642060,
344,58500,7700260,
345,58800,7758760,
346,59100,7817560,
347,59300,7876660,
348,59600,7935960,
349,59900,7995560,
350,60200,8055460,
351,60400,8115660,
352,60700,8176060,
353,61000,8236760,
354,61300,8297760,
355,61600,8359060,
356,61900,8420660,
357,62100,8482560,
358,62400,8544660,
359,62700,8607060,
360,63000,8669760,
361,63300,8732760,
362,63600,8796060,
363,63800,8859660,
364,64100,8923460,
365,64400,8987560,
366,64700,9051960,
367,65000,9116660,
368,65300,9181660,
369,65600,9246960,
370,65900,9312560,
371,66100,9378460,
372,66400,9444560,
373,66700,9510960,
374,67000,9577660,
375,67300,9644660,
376,67600,9711960,
377,67900,9779560,
378,68200,9847460,
379,68500,9915660,
380,68800,9984160,
381,69100,10052960,
382,69400,10122060,
383,69700,10191460,
384,70000,10261160,
385,70300,10331160,
386,70600,10401460,
387,70900,10472060,
388,71200,10542960,
389,71500,10614160,
390,71800,10685660,
391,72100,10757460,
392,72400,10829560,
393,72700,10901960,
394,73000,10974660,
395,73300,11047660,
396,73600,11120960,
397,73900,11194560,
398,74200,11268460,
399,74500,11342660,
400,74800,11417160,Endless Abyss
401,75100,11491960,
402,75400,11567060,
403,75700,11642460,
404,76000,11718160,
405,76300,11794160,
406,76600,11870460,
407,76900,11947060,
408,77300,12023960,
409,77600,12101260,
410,77900,12178860,
411,78200,12256760,
412,78500,12334960,
413,78800,12413460,
414,79100,12492260,
415,79400,12571360,
416,79800,12650760,
417,80100,12730560,
418,80400,12810660,
419,80700,12891060,
420,81000,12971760,
421,81300,13052760,
422,81700,13134060,
423,82000,13215760,
424,82300,13297760,
425,82600,13380060,
426,82900,13462660,
427,83300,13545560,
428,83600,13628860,
429,83900,13712460,
430,84200,13796360,
431,84500,13880560,
432,84900,13965060,
433,85200,14049960,
434,85500,14135160,
435,85800,14220660,
436,86200,14306460,
437,86500,14392660,
438,86800,14479160,
439,87100,14565960,
440,87500,14653060,
441,87800,14740560,
442,88100,14828360,
443,88500,14916460,
444,88800,15004960,
445,89100,15093760,
446,89500,15182860,
447,89800,15272360,
448,90100,15362160,
449,90500,15452260,
450,90800,15542760,
451,91100,15633560,
452,91500,15724660,
453,91800,15816160,
454,92100,15907960,
455,92500,16000060,
456,92800,16092560,
457,93100,16185360,
458,93500,16278460,
459,93800,16371960,
460,94200,16465760,
461,94500,16559960,
462,94800,16654460,
463,95200,16749260,
464,95500,16844460,
465,95900,16939960,
466,96200,17035860,
467,96600,17132060,
468,96900,17228660,
469,97200,17325560,
470,97600,17422760,
471,97900,17520360,
472,98300,17618260,
473,98600,17716560,
474,99000,17815160,
475,99300,17914160,
476,99700,18013460,
477,100000,18113160,
478,100000,18213160,
479,101000,18313160,
480,101000,18414160,
481,101000,18515160,
482,102000,18616160,
483,102000,18718160,
484,102000,18820160,
485,103000,18922160,
486,103000,19025160,
487,104000,19128160,
488,104000,19232160,
489,104000,19336160,
490,105000,19440160,
491,105000,19545160,
492,105000,19650160,
493,106000,19755160,
494,106000,19861160,
495,106000,19967160,
496,107000,20073160,
497,107000,20180160,
498,108000,20287160,
499,108000,20395160,
500,108000,20503160,Hall of Legends
501,109000,20611160,
502,109000,20720160,
503,109000,20829160,
504,110000,20938160,
505,110000,21048160,
506,110000,21158160,
507,111000,21268160,
508,111000,21379160,
509,112000,21490160,
510,112000,21602160,
511,112000,21714160,
512,113000,21826160,
513,113000,21939160,
514,113000,22052160,
515,114000,22165160,
516,114000,22279160,
517,115000,22393160,
518,115000,22508160,
519,115000,22623160,
520,116000,22738160,
521,116000,22854160,
522,116000,22970160,
523,117000,23086160,
524,117000,23203160,
525,118000,23320160,
526,118000,23438160,
527,118000,23556160,
528,119000,23674160,
529,119000,23793160,
530,119000,23912160,
531,120000,24031160,
532,120000,24151160,
533,121000,24271160,
534,121000,24392160,
535,121000,24513160,
536,122000,24634160,
537,122000,24756160,
538,123000,24878160,
539,123000,25001160,
540,123000,25124160,
541,124000,25247160,
542,124000,25371160,
543,124000,25495160,
544,125000,25619160,
545,125000,25744160,
546,126000,25869160,
547,126000,25995160,
548,126000,26121160,
549,127000,26247160,
550,127000,26374160,
551,128000,26501160,
552,128000,26629160,
553,128000,26757160,
554,129000,26885160,
555,129000,27014160,
556,130000,27143160,
557,130000,27273160,
558,130000,27403160,
559,131000,27533160,
560,131000,27664160,
561,132000,27795160,
562,132000,27927160,
563,132000,28059160,
564,133000,28191160,
565,133000,28324160,
566,134000,28457160,
567,134000,28591160,
568,135000,28725160,
569,135000,28860160,
570,135000,28995160,
571,136000,29130160,
572,136000,29266160,
573,137000,29402160,
574,137000,29539160,
575,137000,29676160,
576,138000,29813160,
577,138000,29951160,
578,139000,30089160,
579,139000,30228160,
580,140000,30367160,
581,140000,30507160,
582,140000,30647160,
583,141000,30787160,
584,141000,30928160,
585,142000,31069160,
586,142000,31211160,
587,142000,31353160,
588,143000,31495160,
589,143000,31638160,
590,144000,31781160,
591,144000,31925160,
592,145000,32069160,
593,145000,32214160,
594,145000,32359160,
595,146000,32504160,
596,146000,32650160,
597,147000,32796160,
598,147000,32943160,
599,148000,33090160,
600,148000,33238160,Infinite Tower (Tier 2)
601,149000,33386160,
602,149000,33535160,
603,149000,33684160,
604,150000,33833160,
605,150000,33983160,
606,151000,34133160,
607,151000,34284160,
608,152000,34435160,
609,152000,34587160,
610,153000,34739160,
611,153000,34892160,
612,153000,35045160,
613,154000,35198160,
614,154000,35352160,
615,155000,35506160,
616,155000,35661160,
617,156000,35816160,
618,156000,35972160,
619,157000,36128160,
620,157000,36285160,
621,157000,36442160,
622,158000,36599160,
623,158000,36757160,
624,159000,36915160,
625,159000,37074160,Abyss Mode (Tier 2)
626,160000,37233160,
627,160000,37393160,
628,161000,37553160,
629,161000,37714160,
630,162000,37875160,
631,162000,38037160,
632,163000,38199160,
633,163000,38362160,
634,163000,38525160,
635,164000,38688160,
636,164000,38852160,
637,165000,39016160,
638,165000,39181160,
639,166000,39346160,
640,166000,39512160,
641,167000,39678160,
642,167000,39845160,
643,168000,40012160,
644,168000,40180160,
645,169000,40348160,
646,169000,40517160,
647,170000,40686160,
648,170000,40856160,
649,171000,41026160,
650,171000,41197160,Transcend Dungeon (Tier 2)
651,172000,41368160,
652,172000,41540160,
653,173000,41712160,
654,173000,41885160,
655,174000,42058160,
656,174000,42232160,
657,175000,42406160,
658,175000,42581160,
659,176000,42756160,
660,176000,42932160,
661,177000,43108160,
662,177000,43285160,
663,178000,43462160,
664,178000,43640160,
665,179000,43818160,
666,179000,43997160,
667,180000,44176160,
668,180000,44356160,
669,181000,44536160,
670,181000,44717160,
671,182000,44898160,
672,182000,45080160,
673,183000,45262160,
674,183000,45445160,
675,184000,45628160,Legendary World Boss (Tier 2)
676,184000,45812160,
677,185000,45996160,
678,185000,46181160,
679,186000,46366160,
680,186000,46552160,
681,187000,46738160,
682,187000,46925160,
683,188000,47112160,
684,188000,47300160,
685,189000,47488160,
686,189000,47677160,
687,190000,47866160,
688,190000,48056160,
689,191000,48246160,
690,191000,48437160,
691,192000,48628160,
692,193000,48820160,
693,193000,49013160,
694,194000,49206160,
695,194000,49400160,
696,195000,49594160,
697,195000,49789160,
698,196000,49984160,
699,196000,50180160,
700,197000,50376160,Endless Abyss (Tier 2)
701,197000,50573160,
702,198000,50770160,
703,198000,50968160,
704,199000,51166160,
705,200000,51365160,
706,200000,51565160,
707,201000,51765160,
708,201000,51966160,
709,202000,52167160,
710,202000,52369160,
711,203000,52571160,
712,203000,52774160,
713,204000,52977160,
714,205000,53181160,
715,205000,53386160,
716,206000,53591160,
717,206000,53797160,
718,207000,54003160,
719,207000,54210160,
720,208000,54417160,
721,209000,54625160,
722,209000,54834160,
723,210000,55043160,
724,210000,55253160,
725,211000,55463160,Infinite Tower (Tier 3)
726,212000,55674160,
727,212000,55886160,
728,213000,56098160,
729,213000,56311160,
730,214000,56524160,
731,214000,56738160,
732,215000,56952160,
733,216000,57167160,
734,216000,57383160,
735,217000,57599160,
736,217000,57816160,
737,218000,58033160,
738,219000,58251160,
739,219000,58470160,
740,220000,58689160,
741,220000,58909160,
742,221000,59129160,
743,222000,59350160,
744,222000,59572160,
745,223000,59794160,
746,224000,60017160,
747,224000,60241160,
748,225000,60465160,
749,225000,60690160,
750,226000,60915160,Abyss Mode (Tier 3)
751,227000,61141160,
752,227000,61368160,
753,228000,61595160,
754,229000,61823160,
755,229000,62052160,
756,230000,62281160,
757,230000,62511160,
758,231000,62741160,
759,232000,62972160,
760,232000,63204160,
761,233000,63436160,
762,234000,63669160,
763,234000,63903160,
764,235000,64137160,
765,236000,64372160,
766,236000,64608160,
767,237000,64844160,
768,238000,65081160,
769,238000,65319160,
770,239000,65557160,
771,240000,65796160,
772,240000,66036160,
773,241000,66276160,
774,242000,66517160,
775,242000,66759160,Transcend Dungeon (Tier 3)
776,243000,67001160,
777,244000,67244160,
778,244000,67488160,
779,245000,67732160,
780,246000,67977160,
781,246000,68223160,
782,247000,68469160,
783,248000,68716160,
784,248000,68964160,
785,249000,69212160,
786,250000,69461160,
787,251000,69711160,
788,251000,69962160,
789,252000,70213160,
790,253000,70465160,
791,253000,70718160,
792,254000,70971160,
793,255000,71225160,
794,256000,71480160,
795,256000,71736160,
796,257000,71992160,
797,258000,72249160,
798,258000,72507160,
799,259000,72765160,
800,260000,73024160,Legendary World Boss (Tier 3)
801,261000,73284160,
802,261000,73545160,
803,262000,73806160,
804,263000,74068160,
805,264000,74331160,
806,264000,74595160,
807,265000,74859160,
808,266000,75124160,
809,267000,75390160,
810,267000,75657160,
811,268000,75924160,
812,269000,76192160,
813,270000,76461160,
814,270000,76731160,
815,271000,77001160,
816,272000,77272160,
817,273000,77544160,
818,274000,77817160,
819,274000,78091160,
820,275000,78365160,
821,276000,78640160,
822,277000,78916160,
823,277000,79193160,
824,278000,79470160,
825,279000,79748160,Endless Abyss (Tier 3)
826,280000,80027160,
827,281000,80307160,
828,282000,80588160,
829,282000,80870160,
830,283000,81152160,
831,284000,81435160,
832,285000,81719160,
833,286000,82004160,
834,286000,82290160,
835,287000,82576160,
836,288000,82863160,
837,289000,83151160,
838,290000,83440160,
839,291000,83730160,
840,291000,84021160,
841,292000,84312160,
842,293000,84604160,
843,294000,84897160,
844,295000,85191160,
845,296000,85486160,
846,297000,85782160,
847,298000,86079160,
848,298000,86377160,
849,299000,86675160,
850,300000,86974160,Infinite Tower (Tier 4)
851,301000,87274160,
852,302000,87575160,
853,303000,87877160,
854,304000,88180160,
855,305000,88484160,
856,305000,88789160,
857,306000,89094160,
858,307000,89400160,
859,308000,89707160,
860,309000,90015160,
861,310000,90324160,
862,311000,90634160,
863,312000,90945160,
864,313000,91257160,
865,314000,91570160,
866,315000,91884160,
867,316000,92199160,
868,317000,92515160,
869,318000,92832160,
870,319000,93150160,
871,319000,93469160,
872,320000,93788160,
873,321000,94108160,
874,322000,94429160,
875,323000,94751160,Abyss Mode (Tier 4)
876,324000,95074160,
877,325000,95398160,
878,326000,95723160,
879,327000,96049160,
880,328000,96376160,
881,329000,96704160,
882,330000,97033160,
883,331000,97363160,
884,332000,97694160,
885,333000,98026160,
886,334000,98359160,
887,335000,98693160,
888,336000,99028160,
889,337000,99364160,
890,339000,99701160,
891,340000,"1,00E+08",
892,341000,"1,00E+08",
893,342000,1.01E+08,
894,343000,1.01E+08,
895,344000,1.01E+08,
896,345000,1.02E+08,
897,346000,1.02E+08,
898,347000,1.02E+08,
899,348000,1.03E+08,
900,349000,1.03E+08,Transcend Dungeon (Tier 4)
901,350000,1.03E+08,
902,351000,1.04E+08,
903,352000,1.04E+08,
904,354000,1.05E+08,
905,355000,1.05E+08,
906,356000,1.05E+08,
907,357000,1.06E+08,
908,358000,1.06E+08,
909,359000,1.06E+08,
910,360000,1.07E+08,
911,362000,1.07E+08,
912,363000,1.07E+08,
913,364000,1.08E+08,
914,365000,1.08E+08,
915,366000,1.08E+08,
916,367000,1.09E+08,
917,368000,1.09E+08,
918,370000,1.1E+08,
919,371000,1.1E+08,
920,372000,1.1E+08,
921,373000,1.11E+08,
922,374000,1.11E+08,
923,376000,1.11E+08,
924,377000,1.12E+08,
925,378000,1.12E+08,Legendary World Boss (Tier 4)
926,379000,1.13E+08,
927,381000,1.13E+08,
928,382000,1.13E+08,
929,383000,1.14E+08,
930,384000,1.14E+08,
931,386000,1.14E+08,
932,387000,1.15E+08,
933,388000,1.15E+08,
934,389000,1.16E+08,
935,391000,1.16E+08,
936,392000,1.16E+08,
937,393000,1.17E+08,
938,395000,1.17E+08,
939,396000,1.18E+08,
940,397000,1.18E+08,
941,399000,1.18E+08,
942,400000,1.19E+08,
943,401000,1.19E+08,
944,403000,1.2E+08,
945,404000,1.2E+08,
946,405000,1.2E+08,
947,407000,1.21E+08,
948,408000,1.21E+08,
949,409000,1.22E+08,
950,411000,1.22E+08,Endless Abyss (Tier 4)
951,412000,1.22E+08,
952,414000,1.23E+08,
953,415000,1.23E+08,
954,416000,1.24E+08,
955,418000,1.24E+08,
956,419000,1.25E+08,
957,421000,1.25E+08,
958,422000,1.25E+08,
959,423000,1.26E+08,
960,425000,1.26E+08,
961,426000,1.27E+08,
962,428000,1.27E+08,
963,429000,1.27E+08,
964,431000,1.28E+08,
965,432000,1.28E+08,
966,434000,1.29E+08,
967,435000,1.29E+08,
968,437000,1.3E+08,
969,438000,1.3E+08,
970,440000,1.31E+08,
971,441000,1.31E+08,
972,443000,1.31E+08,
973,445000,1.32E+08,
974,446000,1.32E+08,
975,448000,1.33E+08,Infinite Tower (Tier 5)
976,449000,1.33E+08,
977,451000,1.34E+08,
978,453000,1.34E+08,
979,454000,1.35E+08,
980,456000,1.35E+08,
981,457000,1.35E+08,
982,459000,1.36E+08,
983,461000,1.36E+08,
984,462000,1.37E+08,
985,464000,1.37E+08,
986,466000,1.38E+08,
987,467000,1.38E+08,
988,469000,1.39E+08,
989,471000,1.39E+08,
990,472000,1.4E+08,
991,474000,1.4E+08,
992,476000,1.41E+08,
993,478000,1.41E+08,
994,479000,1.42E+08,
995,481000,1.42E+08,
996,483000,1.42E+08,
997,485000,1.43E+08,
998,486000,1.43E+08,
999,488000,1.44E+08,
1000,490000,1.44E+08,Abyss Mode (Tier 5)
1001,492000,1.45E+08,
1002,494000,1.45E+08,
1003,495000,1.46E+08,
1004,497000,1.46E+08,
1005,499000,1.47E+08,
1006,501000,1.47E+08,
1007,503000,1.48E+08,
1008,505000,1.48E+08,
1009,507000,1.49E+08,
1010,509000,1.49E+08,
1011,511000,1.5E+08,
1012,512000,1.5E+08,
1013,514000,1.51E+08,
1014,516000,1.51E+08,
1015,518000,1.52E+08,
1016,520000,1.52E+08,
1017,522000,1.53E+08,
1018,524000,1.54E+08,
1019,526000,1.54E+08,
1020,528000,1.55E+08,
1021,530000,1.55E+08,
1022,532000,1.56E+08,
1023,534000,1.56E+08,
1024,536000,1.57E+08,
1025,539000,1.57E+08,Transcend Dungeon (Tier 5)
1026,541000,1.58E+08,
1027,543000,1.58E+08,
1028,545000,1.59E+08,
1029,547000,1.59E+08,
1030,549000,1.6E+08,
1031,551000,1.61E+08,
1032,553000,1.61E+08,
1033,556000,1.62E+08,
1034,558000,1.62E+08,
1035,560000,1.63E+08,
1036,562000,1.63E+08,
1037,564000,1.64E+08,
1038,567000,1.64E+08,
1039,569000,1.65E+08,
1040,571000,1.66E+08,
1041,573000,1.66E+08,
1042,576000,1.67E+08,
1043,578000,1.67E+08,
1044,580000,1.68E+08,
1045,583000,1.68E+08,
1046,585000,1.69E+08,
1047,587000,1.7E+08,
1048,590000,1.7E+08,
1049,592000,1.71E+08,
1050,595000,1.71E+08,Legendary World Boss (Tier 5)
1051,597000,1.72E+08,
1052,600000,1.73E+08,
1053,602000,1.73E+08,
1054,604000,1.74E+08,
1055,607000,1.74E+08,
1056,609000,1.75E+08,
1057,612000,1.76E+08,
1058,614000,1.76E+08,
1059,617000,1.77E+08,
1060,620000,1.77E+08,
1061,622000,1.78E+08,
1062,625000,1.79E+08,
1063,627000,1.79E+08,
1064,630000,1.8E+08,
1065,633000,1.81E+08,
1066,635000,1.81E+08,
1067,638000,1.82E+08,
1068,641000,1.82E+08,
1069,643000,1.83E+08,
1070,646000,1.84E+08,
1071,649000,1.84E+08,
1072,651000,1.85E+08,
1073,654000,1.86E+08,
1074,657000,1.86E+08,
1075,660000,1.87E+08,Endless Abyss (Tier 5)
1076,663000,1.88E+08,
1077,665000,1.88E+08,
1078,668000,1.89E+08,
1079,671000,1.9E+08,
1080,674000,1.9E+08,
1081,677000,1.91E+08,
1082,680000,1.92E+08,
1083,683000,1.92E+08,
1084,686000,1.93E+08,
1085,689000,1.94E+08,
1086,692000,1.94E+08,
1087,695000,1.95E+08,
1088,698000,1.96E+08,
1089,701000,1.96E+08,
1090,704000,1.97E+08,
1091,707000,1.98E+08,
1092,710000,1.99E+08,
1093,713000,1.99E+08,
1094,716000,"2,00E+08",
1095,720000,2.01E+08,
1096,723000,2.01E+08,
1097,726000,2.02E+08,
1098,729000,2.03E+08,
1099,733000,2.04E+08,
1100,736000,2.04E+08,Infinite Tower (Tier 6)
1101,739000,2.05E+08,
1102,742000,2.06E+08,
1103,746000,2.07E+08,
1104,749000,2.07E+08,
1105,753000,2.08E+08,
1106,756000,2.09E+08,
1107,759000,2.1E+08,
1108,763000,2.1E+08,
1109,766000,2.11E+08,
1110,770000,2.12E+08,
1111,773000,2.13E+08,
1112,777000,2.13E+08,
1113,780000,2.14E+08,
1114,784000,2.15E+08,
1115,788000,2.16E+08,
1116,791000,2.17E+08,
1117,795000,2.17E+08,
1118,799000,2.18E+08,
1119,802000,2.19E+08,
1120,806000,2.2E+08,
1121,810000,2.21E+08,
1122,813000,2.21E+08,
1123,817000,2.22E+08,
1124,821000,2.23E+08,
1125,825000,2.24E+08,Abyss Mode (Tier 6)
1126,829000,2.25E+08,
1127,833000,2.25E+08,
1128,837000,2.26E+08,
1129,841000,2.27E+08,
1130,845000,2.28E+08,
1131,849000,2.29E+08,
1132,853000,2.3E+08,
1133,857000,2.31E+08,
1134,861000,2.31E+08,
1135,865000,2.32E+08,
1136,869000,2.33E+08,
1137,873000,2.34E+08,
1138,877000,2.35E+08,
1139,882000,2.36E+08,
1140,886000,2.37E+08,
1141,890000,2.37E+08,
1142,894000,2.38E+08,
1143,899000,2.39E+08,
1144,903000,2.4E+08,
1145,907000,2.41E+08,
1146,912000,2.42E+08,
1147,916000,2.43E+08,
1148,921000,2.44E+08,
1149,925000,2.45E+08,
1150,930000,2.46E+08,Transcend Dungeon (Tier 6)
1151,934000,2.47E+08,
1152,939000,2.48E+08,
1153,944000,2.48E+08,
1154,948000,2.49E+08,
1155,953000,2.5E+08,
1156,958000,2.51E+08,
1157,962000,2.52E+08,
1158,967000,2.53E+08,
1159,972000,2.54E+08,
1160,977000,2.55E+08,
1161,982000,2.56E+08,
1162,987000,2.57E+08,
1163,992000,2.58E+08,
1164,997000,2.59E+08,
1165,1002000,2.6E+08,
1166,1007000,2.61E+08,
1167,1012000,2.62E+08,
1168,1017000,2.63E+08,
1169,1022000,2.64E+08,
1170,1027000,2.65E+08,
1171,1032000,2.66E+08,
1172,1038000,2.67E+08,
1173,1043000,2.68E+08,
1174,1048000,2.69E+08,
1175,1054000,2.7E+08,Legendary World Boss (Tier 6)
1176,1059000,2.71E+08,
1177,1064000,2.72E+08,
1178,1070000,2.74E+08,
1179,1075000,2.75E+08,
1180,1081000,2.76E+08,
1181,1086000,2.77E+08,
1182,1092000,2.78E+08,
1183,1098000,2.79E+08,
1184,1103000,2.8E+08,
1185,1109000,2.81E+08,
1186,1115000,2.82E+08,
1187,1121000,2.83E+08,
1188,1127000,2.84E+08,
1189,1133000,2.86E+08,
1190,1138000,2.87E+08,
1191,1144000,2.88E+08,
1192,1150000,2.89E+08,
1193,1156000,2.9E+08,
1194,1163000,2.91E+08,
1195,1169000,2.92E+08,
1196,1175000,2.94E+08,
1197,1181000,2.95E+08,
1198,1187000,2.96E+08,
1199,1194000,2.97E+08,
1200,1200000,2.98E+08,Endless Abyss (Tier 6)
1201,1206000,"3,00E+08",
1202,1213000,3.01E+08,
1203,1219000,3.02E+08,
1204,1226000,3.03E+08,
1205,1232000,3.04E+08,
1206,1239000,3.06E+08,
1207,1246000,3.07E+08,
1208,1252000,3.08E+08,
1209,1259000,3.09E+08,
1210,1266000,3.11E+08,
1211,1273000,3.12E+08,
1212,1280000,3.13E+08,
1213,1287000,3.15E+08,
1214,1294000,3.16E+08,
1215,1301000,3.17E+08,
1216,1308000,3.18E+08,
1217,1315000,3.2E+08,
1218,1322000,3.21E+08,
1219,1329000,3.22E+08,
1220,1337000,3.24E+08,
1221,1344000,3.25E+08,
1222,1351000,3.26E+08,
1223,1359000,3.28E+08,
1224,1366000,3.29E+08,
1225,1374000,3.3E+08,Infinite Tower (Tier 7)
1226,1382000,3.32E+08,
1227,1389000,3.33E+08,
1228,1397000,3.35E+08,
1229,1405000,3.36E+08,
1230,1412000,3.37E+08,
1231,1420000,3.39E+08,
1232,1428000,3.4E+08,
1233,1436000,3.42E+08,
1234,1444000,3.43E+08,
1235,1452000,3.45E+08,
1236,1461000,3.46E+08,
1237,1469000,3.47E+08,
1238,1477000,3.49E+08,
1239,1485000,3.5E+08,
1240,1494000,3.52E+08,
1241,1502000,3.53E+08,
1242,1511000,3.55E+08,
1243,1519000,3.56E+08,
1244,1528000,3.58E+08,
1245,1537000,3.59E+08,
1246,1545000,3.61E+08,
1247,1554000,3.62E+08,
1248,1563000,3.64E+08,
1249,1572000,3.66E+08,
1250,1581000,3.67E+08,Abyss Mode (Tier 7)
1251,1590000,3.69E+08,
1252,1599000,3.7E+08,
1253,1608000,3.72E+08,
1254,1617000,3.74E+08,
1255,1627000,3.75E+08,
1256,1636000,3.77E+08,
1257,1646000,3.78E+08,
1258,1655000,3.8E+08,
1259,1665000,3.82E+08,
1260,1674000,3.83E+08,
1261,1684000,3.85E+08,
1262,1694000,3.87E+08,
1263,1704000,3.88E+08,
1264,1714000,3.9E+08,
1265,1724000,3.92E+08,
1266,1734000,3.94E+08,
1267,1744000,3.95E+08,
1268,1754000,3.97E+08,
1269,1764000,3.99E+08,
1270,1775000,4.01E+08,
1271,1785000,4.02E+08,
1272,1795000,4.04E+08,
1273,1806000,4.06E+08,
1274,1817000,4.08E+08,
1275,1827000,4.1E+08,Transcend Dungeon (Tier 7)
1276,1838000,4.11E+08,
1277,1849000,4.13E+08,
1278,1860000,4.15E+08,
1279,1871000,4.17E+08,
1280,1882000,4.19E+08,
1281,1893000,4.21E+08,
1282,1905000,4.23E+08,
1283,1916000,4.24E+08,
1284,1927000,4.26E+08,
1285,1939000,4.28E+08,
1286,1951000,4.3E+08,
1287,1962000,4.32E+08,
1288,1974000,4.34E+08,
1289,1986000,4.36E+08,
1290,1998000,4.38E+08,
1291,2010000,4.4E+08,
1292,2022000,4.42E+08,
1293,2034000,4.44E+08,
1294,2046000,4.46E+08,
1295,2059000,4.48E+08,
1296,2071000,4.5E+08,
1297,2084000,4.52E+08,
1298,2096000,4.54E+08,
1299,2109000,4.57E+08,
1300,2122000,4.59E+08,Legendary World Boss (Tier 7)
1301,2135000,4.61E+08,
1302,2148000,4.63E+08,
1303,2161000,4.65E+08,
1304,2174000,4.67E+08,
1305,2187000,4.69E+08,
1306,2201000,4.72E+08,
1307,2214000,4.74E+08,
1308,2228000,4.76E+08,
1309,2241000,4.78E+08,
1310,2255000,4.8E+08,
1311,2269000,4.83E+08,
1312,2283000,4.85E+08,
1313,2297000,4.87E+08,
1314,2311000,4.9E+08,
1315,2325000,4.92E+08,
1316,2340000,4.94E+08,
1317,2354000,4.97E+08,
1318,2369000,4.99E+08,
1319,2384000,5.01E+08,
1320,2398000,5.04E+08,
1321,2413000,5.06E+08,
1322,2428000,5.08E+08,
1323,2443000,5.11E+08,
1324,2459000,5.13E+08,
1325,2474000,5.16E+08,Endless Abyss (Tier 7)
1326,2489000,5.18E+08,
1327,2505000,5.21E+08,
1328,2521000,5.23E+08,
1329,2536000,5.26E+08,
1330,2552000,5.28E+08,
1331,2568000,5.31E+08,
1332,2584000,5.33E+08,
1333,2601000,5.36E+08,
1334,2617000,5.39E+08,
1335,2633000,5.41E+08,
1336,2650000,5.44E+08,
1337,2667000,5.47E+08,
1338,2684000,5.49E+08,
1339,2701000,5.52E+08,
1340,2718000,5.55E+08,
1341,2735000,5.57E+08,
1342,2752000,5.6E+08,
1343,2770000,5.63E+08,
1344,2787000,5.66E+08,
1345,2805000,5.68E+08,
1346,2823000,5.71E+08,
1347,2841000,5.74E+08,
1348,2859000,5.77E+08,
1349,2877000,5.8E+08,
1350,2895000,5.83E+08,Infinite Tower (Tier 8)
1351,2914000,5.85E+08,
1352,2933000,5.88E+08,
1353,2951000,5.91E+08,
1354,2970000,5.94E+08,
1355,2989000,5.97E+08,
1356,3008000,"6,00E+08",
1357,3028000,6.03E+08,
1358,3047000,6.06E+08,
1359,3067000,6.09E+08,
1360,3087000,6.12E+08,
1361,3106000,6.15E+08,
1362,3126000,6.19E+08,
1363,3147000,6.22E+08,
1364,3167000,6.25E+08,
1365,3187000,6.28E+08,
1366,3208000,6.31E+08,
1367,3229000,6.34E+08,
1368,3250000,6.38E+08,
1369,3271000,6.41E+08,
1370,3292000,6.44E+08,
1371,3313000,6.47E+08,
1372,3335000,6.51E+08,
1373,3357000,6.54E+08,
1374,3379000,6.57E+08,
1375,3401000,6.61E+08,Abyss Mode (Tier 8)
1376,3423000,6.64E+08,
1377,3445000,6.68E+08,
1378,3468000,6.71E+08,
1379,3490000,6.75E+08,
1380,3513000,6.78E+08,
1381,3536000,6.82E+08,
1382,3559000,6.85E+08,
1383,3583000,6.89E+08,
1384,3606000,6.92E+08,
1385,3630000,6.96E+08,
1386,3654000,6.99E+08,
1387,3678000,7.03E+08,
1388,3702000,7.07E+08,
1389,3726000,7.11E+08,
1390,3751000,7.14E+08,
1391,3776000,7.18E+08,
1392,3800000,7.22E+08,
1393,3826000,7.26E+08,
1394,3851000,7.29E+08,
1395,3876000,7.33E+08,
1396,3902000,7.37E+08,
1397,3928000,7.41E+08,
1398,3954000,7.45E+08,
1399,3980000,7.49E+08,
1400,4006000,7.53E+08,Transcend Dungeon (Tier 8)
1401,4033000,7.57E+08,
1402,4060000,7.61E+08,
1403,4087000,7.65E+08,
1404,4114000,7.69E+08,
1405,4142000,7.73E+08,
1406,4169000,7.77E+08,
1407,4197000,7.81E+08,
1408,4225000,7.86E+08,
1409,4253000,7.9E+08,
1410,4282000,7.94E+08,
1411,4310000,7.98E+08,
1412,4339000,8.03E+08,
1413,4368000,8.07E+08,
1414,4397000,8.11E+08,
1415,4427000,8.16E+08,
1416,4457000,8.2E+08,
1417,4486000,8.25E+08,
1418,4517000,8.29E+08,
1419,4547000,8.34E+08,
1420,4578000,8.38E+08,
1421,4608000,8.43E+08,
1422,4639000,8.47E+08,
1423,4671000,8.52E+08,
1424,4702000,8.57E+08,
1425,4734000,8.61E+08,Legendary World Boss (Tier 8)
1426,4766000,8.66E+08,
1427,4798000,8.71E+08,
1428,4830000,8.76E+08,
1429,4863000,8.81E+08,
1430,4896000,8.85E+08,
1431,4929000,8.9E+08,
1432,4963000,8.95E+08,
1433,4996000,"9,00E+08",
1434,5030000,9.05E+08,
1435,5064000,9.1E+08,
1436,5099000,9.15E+08,
1437,5133000,9.2E+08,
1438,5168000,9.26E+08,
1439,5203000,9.31E+08,
1440,5239000,9.36E+08,
1441,5274000,9.41E+08,
1442,5310000,9.46E+08,
1443,5347000,9.52E+08,
1444,5383000,9.57E+08,
1445,5420000,9.63E+08,
1446,5457000,9.68E+08,
1447,5494000,9.73E+08,
1448,5532000,9.79E+08,
1449,5570000,9.84E+08,
1450,5608000,9.9E+08,Endless Abyss (Tier 8)
1451,5646000,9.96E+08,
1452,5685000,"1,00E+09",
1453,5724000,1.01E+09,
1454,5763000,1.01E+09,
1455,5803000,1.02E+09,
1456,5842000,1.02E+09,
1457,5883000,1.03E+09,
1458,5923000,1.04E+09,
1459,5964000,1.04E+09,
1460,6005000,1.05E+09,
1461,6046000,1.05E+09,
1462,6088000,1.06E+09,
1463,6130000,1.07E+09,
1464,6172000,1.07E+09,
1465,6214000,1.08E+09,
1466,6257000,1.08E+09,
1467,6301000,1.09E+09,
1468,6344000,1.1E+09,
1469,6388000,1.1E+09,
1470,6432000,1.11E+09,
1471,6477000,1.12E+09,
1472,6521000,1.12E+09,
1473,6567000,1.13E+09,
1474,6612000,1.14E+09,
1475,6658000,1.14E+09,Infinite Tower (Tier 9)
1476,6704000,1.15E+09,
1477,6751000,1.16E+09,
1478,6797000,1.16E+09,
1479,6845000,1.17E+09,
1480,6892000,1.18E+09,
1481,6940000,1.18E+09,
1482,6988000,1.19E+09,
1483,7037000,1.2E+09,
1484,7086000,1.2E+09,
1485,7135000,1.21E+09,
1486,7185000,1.22E+09,
1487,7235000,1.23E+09,
1488,7285000,1.23E+09,
1489,7336000,1.24E+09,
1490,7387000,1.25E+09,
1491,7439000,1.25E+09,
1492,7491000,1.26E+09,
1493,7543000,1.27E+09,
1494,7596000,1.28E+09,
1495,7649000,1.28E+09,
1496,7703000,1.29E+09,
1497,7756000,1.3E+09,
1498,7811000,1.31E+09,
1499,7866000,1.32E+09,
1500,7921000,1.32E+09,Abyss Mode (Tier 9)
1501,7976000,1.33E+09,
1502,8032000,1.34E+09,
1503,8088000,1.35E+09,
1504,8145000,1.36E+09,
1505,8202000,1.36E+09,
1506,8260000,1.37E+09,
1507,8318000,1.38E+09,
1508,8377000,1.39E+09,
1509,8435000,1.4E+09,
1510,8495000,1.41E+09,
1511,8555000,1.41E+09,
1512,8615000,1.42E+09,
1513,8675000,1.43E+09,
1514,8737000,1.44E+09,
1515,8798000,1.45E+09,
1516,8860000,1.46E+09,
1517,8923000,1.47E+09,
1518,8986000,1.47E+09,
1519,9049000,1.48E+09,
1520,9113000,1.49E+09,
1521,9177000,1.5E+09,
1522,9242000,1.51E+09,
1523,9308000,1.52E+09,
1524,9373000,1.53E+09,
1525,9440000,1.54E+09,Transcend Dungeon (Tier 9)
1526,9506000,1.55E+09,
1527,9574000,1.56E+09,
1528,9642000,1.57E+09,
1529,9710000,1.58E+09,
1530,9779000,1.59E+09,
1531,9848000,1.6E+09,
1532,9918000,1.61E+09,
1533,9988000,1.62E+09,
1534,10100000,1.63E+09,
1535,10100000,1.64E+09,
1536,10200000,1.65E+09,
1537,10300000,1.66E+09,
1538,10300000,1.67E+09,
1539,10400000,1.68E+09,
1540,10500000,1.69E+09,
1541,10600000,1.7E+09,
1542,10600000,1.71E+09,
1543,10700000,1.72E+09,
1544,10800000,1.73E+09,
1545,10900000,1.74E+09,
1546,11000000,1.75E+09,
1547,11000000,1.76E+09,
1548,11100000,1.77E+09,
1549,11200000,1.79E+09,
1550,11300000,1.8E+09,Legendary World Boss (Tier 9)
1551,11300000,1.81E+09,
1552,11400000,1.82E+09,
1553,11500000,1.83E+09,
1554,11600000,1.84E+09,
1555,11700000,1.85E+09,
1556,11800000,1.87E+09,
1557,11800000,1.88E+09,
1558,11900000,1.89E+09,
1559,12000000,1.9E+09,
1560,12100000,1.91E+09,
1561,12200000,1.92E+09,
1562,12300000,1.94E+09,
1563,12400000,1.95E+09,
1564,12400000,1.96E+09,
1565,12500000,1.97E+09,
1566,12600000,1.99E+09,
1567,12700000,"2,00E+09",
1568,12800000,2.01E+09,
1569,12900000,2.02E+09,
1570,13000000,2.04E+09,
1571,13100000,2.05E+09,
1572,13200000,2.06E+09,
1573,13300000,2.08E+09,
1574,13400000,2.09E+09,
1575,13500000,2.1E+09,Endless Abyss (Tier 9)
1576,13600000,2.12E+09,
1577,13700000,2.13E+09,
1578,13800000,2.14E+09,
1579,13900000,2.16E+09,
1580,14000000,2.17E+09,
1581,14100000,2.19E+09,
1582,14200000,2.2E+09,
1583,14300000,2.21E+09,
1584,14400000,2.23E+09,
1585,14500000,2.24E+09,
1586,14600000,2.26E+09,
1587,14700000,2.27E+09,
1588,14800000,2.29E+09,
1589,14900000,2.3E+09,
1590,15000000,2.32E+09,
1591,15100000,2.33E+09,
1592,15200000,2.35E+09,
1593,15300000,2.36E+09,
1594,15400000,2.38E+09,
1595,15500000,2.39E+09,
1596,15700000,2.41E+09,
1597,15800000,2.42E+09,
1598,15900000,2.44E+09,
1599,16000000,2.46E+09,
1600,16100000,2.47E+09,Infinite Tower (Tier 10)
1601,16200000,2.49E+09,
1602,16400000,2.5E+09,
1603,16500000,2.52E+09,
1604,16600000,2.54E+09,
1605,16700000,2.55E+09,
1606,16800000,2.57E+09,
1607,17000000,2.59E+09,
1608,17100000,2.6E+09,
1609,17200000,2.62E+09,
1610,17300000,2.64E+09,
1611,17400000,2.66E+09,
1612,17600000,2.67E+09,
1613,17700000,2.69E+09,
1614,17800000,2.71E+09,
1615,18000000,2.73E+09,
1616,18100000,2.74E+09,
1617,18200000,2.76E+09,
1618,18400000,2.78E+09,
1619,18500000,2.8E+09,
1620,18600000,2.82E+09,
1621,18800000,2.84E+09,
1622,18900000,2.85E+09,
1623,19000000,2.87E+09,
1624,19200000,2.89E+09,
1625,19300000,2.91E+09,Abyss Mode (Tier 10)
1626,19400000,2.93E+09,
1627,19600000,2.95E+09,
1628,19700000,2.97E+09,
1629,19900000,2.99E+09,
1630,20000000,3.01E+09,
1631,20200000,3.03E+09,
1632,20300000,3.05E+09,
1633,20500000,3.07E+09,
1634,20600000,3.09E+09,
1635,20800000,3.11E+09,
1636,20900000,3.13E+09,
1637,21100000,3.15E+09,
1638,21200000,3.17E+09,
1639,21400000,3.2E+09,
1640,21500000,3.22E+09,
1641,21700000,3.24E+09,
1642,21800000,3.26E+09,
1643,22000000,3.28E+09,
1644,22200000,3.3E+09,
1645,22300000,3.33E+09,
1646,22500000,3.35E+09,
1647,22600000,3.37E+09,
1648,22800000,3.39E+09,
1649,23000000,3.42E+09,
1650,23100000,3.44E+09,Transcend Dungeon (Tier 10)
1651,23300000,3.46E+09,
1652,23500000,3.49E+09,
1653,23700000,3.51E+09,
1654,23800000,3.53E+09,
1655,24000000,3.56E+09,
1656,24200000,3.58E+09,
1657,24400000,3.6E+09,
1658,24500000,3.63E+09,
1659,24700000,3.65E+09,
1660,24900000,3.68E+09,
1661,25100000,3.7E+09,
1662,25300000,3.73E+09,
1663,25400000,3.75E+09,
1664,25600000,3.78E+09,
1665,25800000,3.8E+09,
1666,26000000,3.83E+09,
1667,26200000,3.86E+09,
1668,26400000,3.88E+09,
1669,26600000,3.91E+09,
1670,26800000,3.94E+09,
1671,27000000,3.96E+09,
1672,27200000,3.99E+09,
1673,27400000,4.02E+09,
1674,27600000,4.04E+09,
1675,27800000,4.07E+09,Legendary World Boss (Tier 10)
1676,28000000,4.1E+09,
1677,28200000,4.13E+09,
1678,28400000,4.16E+09,
1679,28600000,4.18E+09,
1680,28800000,4.21E+09,
1681,29000000,4.24E+09,
1682,29200000,4.27E+09,
1683,29400000,4.3E+09,
1684,29700000,4.33E+09,
1685,29900000,4.36E+09,
1686,30100000,4.39E+09,
1687,30300000,4.42E+09,
1688,30500000,4.45E+09,
1689,30800000,4.48E+09,
1690,31000000,4.51E+09,
1691,31200000,4.54E+09,
1692,31400000,4.57E+09,
1693,31700000,4.6E+09,
1694,31900000,4.64E+09,
1695,32100000,4.67E+09,
1696,32400000,4.7E+09,
1697,32600000,4.73E+09,
1698,32900000,4.76E+09,
1699,33100000,4.8E+09,
1700,33300000,4.83E+09,Endless Abyss (Tier 10)
1701,33600000,4.86E+09,
1702,33800000,4.9E+09,
1703,34100000,4.93E+09,
1704,34300000,4.97E+09,
1705,34600000,"5,00E+09",
1706,34800000,5.03E+09,
1707,35100000,5.07E+09,
1708,35400000,5.1E+09,
1709,35600000,5.14E+09,
1710,35900000,5.17E+09,
1711,36100000,5.21E+09,
1712,36400000,5.25E+09,
1713,36700000,5.28E+09,
1714,37000000,5.32E+09,
1715,37200000,5.36E+09,
1716,37500000,5.39E+09,
1717,37800000,5.43E+09,
1718,38100000,5.47E+09,
1719,38300000,5.51E+09,
1720,38600000,5.55E+09,
1721,38900000,5.58E+09,
1722,39200000,5.62E+09,
1723,39500000,5.66E+09,
1724,39800000,5.7E+09,
1725,40100000,5.74E+09,Infinite Tower (Tier 11)
1726,40400000,5.78E+09,
1727,40700000,5.82E+09,
1728,41000000,5.86E+09,
1729,41300000,5.9E+09,
1730,41600000,5.95E+09,
1731,41900000,5.99E+09,
1732,42200000,6.03E+09,
1733,42500000,6.07E+09,
1734,42800000,6.11E+09,
1735,43100000,6.16E+09,
1736,43400000,6.2E+09,
1737,43800000,6.24E+09,
1738,44100000,6.29E+09,
1739,44400000,6.33E+09,
1740,44700000,6.38E+09,
1741,45100000,6.42E+09,
1742,45400000,6.47E+09,
1743,45700000,6.51E+09,
1744,46100000,6.56E+09,
1745,46400000,6.6E+09,
1746,46800000,6.65E+09,
1747,47100000,6.7E+09,
1748,47400000,6.74E+09,
1749,47800000,6.79E+09,
1750,48200000,6.84E+09,Abyss Mode (Tier 11)
1751,48500000,6.89E+09,
1752,48900000,6.93E+09,
1753,49200000,6.98E+09,
1754,49600000,7.03E+09,
1755,50000000,7.08E+09,
1756,50300000,7.13E+09,
1757,50700000,7.18E+09,
1758,51100000,7.23E+09,
1759,51500000,7.28E+09,
1760,51800000,7.34E+09,
1761,52200000,7.39E+09,
1762,52600000,7.44E+09,
1763,53000000,7.49E+09,
1764,53400000,7.55E+09,
1765,53800000,7.6E+09,
1766,54200000,7.65E+09,
1767,54600000,7.71E+09,
1768,55000000,7.76E+09,
1769,55400000,7.82E+09,
1770,55800000,7.87E+09,
1771,56200000,7.93E+09,
1772,56600000,7.98E+09,
1773,57100000,8.04E+09,
1774,57500000,8.1E+09,
1775,57900000,8.15E+09,Transcend Dungeon (Tier 11)
1776,58300000,8.21E+09,
1777,58800000,8.27E+09,
1778,59200000,8.33E+09,
1779,59600000,8.39E+09,
1780,60100000,8.45E+09,
1781,60500000,8.51E+09,
1782,61000000,8.57E+09,
1783,61400000,8.63E+09,
1784,61900000,8.69E+09,
1785,62300000,8.75E+09,
1786,62800000,8.82E+09,
1787,63300000,8.88E+09,
1788,63700000,8.94E+09,
1789,64200000,9.01E+09,
1790,64700000,9.07E+09,
1791,65200000,9.13E+09,
1792,65600000,9.2E+09,
1793,66100000,9.27E+09,
1794,66600000,9.33E+09,
1795,67100000,9.4E+09,
1796,67600000,9.47E+09,
1797,68100000,9.53E+09,
1798,68600000,9.6E+09,
1799,69100000,9.67E+09,
1800,69700000,9.74E+09,Legendary World Boss (Tier 11)
1801,70200000,9.81E+09,
1802,70700000,9.88E+09,
1803,71200000,9.95E+09,
1804,71700000,"1,00E+10",
1805,72300000,1.01E+10,
1806,72800000,1.02E+10,
1807,73400000,1.02E+10,
1808,73900000,1.03E+10,
1809,74400000,1.04E+10,
1810,75000000,1.05E+10,
1811,75600000,1.05E+10,
1812,76100000,1.06E+10,
1813,76700000,1.07E+10,
1814,77300000,1.08E+10,
1815,77800000,1.08E+10,
1816,78400000,1.09E+10,
1817,79000000,1.1E+10,
1818,79600000,1.11E+10,
1819,80200000,1.12E+10,
1820,80800000,1.12E+10,
1821,81400000,1.13E+10,
1822,82000000,1.14E+10,
1823,82600000,1.15E+10,
1824,83200000,1.16E+10,
1825,83800000,1.16E+10,Endless Abyss (Tier 11)
1826,84400000,1.17E+10,
1827,85100000,1.18E+10,
1828,85700000,1.19E+10,
1829,86300000,1.2E+10,
1830,87000000,1.21E+10,
1831,87600000,1.22E+10,
1832,88300000,1.22E+10,
1833,88900000,1.23E+10,
1834,89600000,1.24E+10,
1835,90300000,1.25E+10,
1836,90900000,1.26E+10,
1837,91600000,1.27E+10,
1838,92300000,1.28E+10,
1839,93000000,1.29E+10,
1840,93700000,1.3E+10,
1841,94400000,1.31E+10,
1842,95100000,1.32E+10,
1843,95800000,1.33E+10,
1844,96500000,1.33E+10,
1845,97200000,1.34E+10,
1846,97900000,1.35E+10,
1847,98600000,1.36E+10,
1848,99400000,1.37E+10,
1849,"1,00E+08",1.38E+10,
1850,1.01E+08,1.39E+10,Infinite Tower (Tier 12)
1851,1.02E+08,1.4E+10,
1852,1.02E+08,1.41E+10,
1853,1.03E+08,1.42E+10,
1854,1.04E+08,1.43E+10,
1855,1.05E+08,1.45E+10,
1856,1.06E+08,1.46E+10,
1857,1.06E+08,1.47E+10,
1858,1.07E+08,1.48E+10,
1859,1.08E+08,1.49E+10,
1860,1.09E+08,1.5E+10,
1861,1.09E+08,1.51E+10,
1862,1.1E+08,1.52E+10,
1863,1.11E+08,1.53E+10,
1864,1.12E+08,1.54E+10,
1865,1.13E+08,1.55E+10,
1866,1.14E+08,1.56E+10,
1867,1.14E+08,1.58E+10,
1868,1.15E+08,1.59E+10,
1869,1.16E+08,1.6E+10,
1870,1.17E+08,1.61E+10,
1871,1.18E+08,1.62E+10,
1872,1.19E+08,1.63E+10,
1873,1.2E+08,1.65E+10,
1874,1.21E+08,1.66E+10,
1875,1.21E+08,1.67E+10,Abyss Mode (Tier 12)
1876,1.22E+08,1.68E+10,
1877,1.23E+08,1.69E+10,
1878,1.24E+08,1.71E+10,
1879,1.25E+08,1.72E+10,
1880,1.26E+08,1.73E+10,
1881,1.27E+08,1.74E+10,
1882,1.28E+08,1.76E+10,
1883,1.29E+08,1.77E+10,
1884,1.3E+08,1.78E+10,
1885,1.31E+08,1.8E+10,
1886,1.32E+08,1.81E+10,
1887,1.33E+08,1.82E+10,
1888,1.34E+08,1.83E+10,
1889,1.35E+08,1.85E+10,
1890,1.36E+08,1.86E+10,
1891,1.37E+08,1.88E+10,
1892,1.38E+08,1.89E+10,
1893,1.39E+08,1.9E+10,
1894,1.4E+08,1.92E+10,
1895,1.41E+08,1.93E+10,
1896,1.42E+08,1.94E+10,
1897,1.43E+08,1.96E+10,
1898,1.44E+08,1.97E+10,
1899,1.45E+08,1.99E+10,
1900,1.46E+08,"2,00E+10",Transcend Dungeon (Tier 12)
1901,1.47E+08,2.02E+10,
1902,1.48E+08,2.03E+10,
1903,1.5E+08,2.05E+10,
1904,1.51E+08,2.06E+10,
1905,1.52E+08,2.08E+10,
1906,1.53E+08,2.09E+10,
1907,1.54E+08,2.11E+10,
1908,1.55E+08,2.12E+10,
1909,1.56E+08,2.14E+10,
1910,1.58E+08,2.15E+10,
1911,1.59E+08,2.17E+10,
1912,1.6E+08,2.19E+10,
1913,1.61E+08,2.2E+10,
1914,1.62E+08,2.22E+10,
1915,1.64E+08,2.23E+10,
1916,1.65E+08,2.25E+10,
1917,1.66E+08,2.27E+10,
1918,1.67E+08,2.28E+10,
1919,1.68E+08,2.3E+10,
1920,1.7E+08,2.32E+10,
1921,1.71E+08,2.33E+10,
1922,1.72E+08,2.35E+10,
1923,1.74E+08,2.37E+10,
1924,1.75E+08,2.38E+10,
1925,1.76E+08,2.4E+10,Legendary World Boss (Tier 12)
1926,1.77E+08,2.42E+10,
1927,1.79E+08,2.44E+10,
1928,1.8E+08,2.46E+10,
1929,1.81E+08,2.47E+10,
1930,1.83E+08,2.49E+10,
1931,1.84E+08,2.51E+10,
1932,1.86E+08,2.53E+10,
1933,1.87E+08,2.55E+10,
1934,1.88E+08,2.57E+10,
1935,1.9E+08,2.58E+10,
1936,1.91E+08,2.6E+10,
1937,1.93E+08,2.62E+10,
1938,1.94E+08,2.64E+10,
1939,1.95E+08,2.66E+10,
1940,1.97E+08,2.68E+10,
1941,1.98E+08,2.7E+10,
1942,"2,00E+08",2.72E+10,
1943,2.01E+08,2.74E+10,
1944,2.03E+08,2.76E+10,
1945,2.04E+08,2.78E+10,
1946,2.06E+08,2.8E+10,
1947,2.07E+08,2.82E+10,
1948,2.09E+08,2.84E+10,
1949,2.11E+08,2.86E+10,
1950,2.12E+08,2.88E+10,Endless Abyss (Tier 12)
1951,2.14E+08,2.91E+10,
1952,2.15E+08,2.93E+10,
1953,2.17E+08,2.95E+10,
1954,2.19E+08,2.97E+10,
1955,2.2E+08,2.99E+10,
1956,2.22E+08,3.01E+10,
1957,2.23E+08,3.04E+10,
1958,2.25E+08,3.06E+10,
1959,2.27E+08,3.08E+10,
1960,2.29E+08,3.1E+10,
1961,2.3E+08,3.13E+10,
1962,2.32E+08,3.15E+10,
1963,2.34E+08,3.17E+10,
1964,2.35E+08,3.2E+10,
1965,2.37E+08,3.22E+10,
1966,2.39E+08,3.24E+10,
1967,2.41E+08,3.27E+10,
1968,2.43E+08,3.29E+10,
1969,2.44E+08,3.32E+10,
1970,2.46E+08,3.34E+10,
1971,2.48E+08,3.36E+10,
1972,2.5E+08,3.39E+10,
1973,2.52E+08,3.41E+10,
1974,2.54E+08,3.44E+10,
1975,2.56E+08,3.47E+10,Infinite Tower (Tier 13)
1976,2.57E+08,3.49E+10,
1977,2.59E+08,3.52E+10,
1978,2.61E+08,3.54E+10,
1979,2.63E+08,3.57E+10,
1980,2.65E+08,3.59E+10,
1981,2.67E+08,3.62E+10,
1982,2.69E+08,3.65E+10,
1983,2.71E+08,3.67E+10,
1984,2.73E+08,3.7E+10,
1985,2.75E+08,3.73E+10,
1986,2.77E+08,3.76E+10,
1987,2.79E+08,3.78E+10,
1988,2.81E+08,3.81E+10,
1989,2.84E+08,3.84E+10,
1990,2.86E+08,3.87E+10,
1991,2.88E+08,3.9E+10,
1992,2.9E+08,3.93E+10,
1993,2.92E+08,3.96E+10,
1994,2.94E+08,3.98E+10,
1995,2.97E+08,4.01E+10,
1996,2.99E+08,4.04E+10,
1997,3.01E+08,4.07E+10,
1998,3.03E+08,4.1E+10,
1999,3.06E+08,4.13E+10,
2000,0,4.16E+10,Abyss Mode (Tier 13)